annotation_id,image_id,category_id,bbox_x,bbox_y,bbox_w,bbox_h,score
1,1,1899,159,251,202,126,0.8467
2,1,16550,555,75,403,400,0.7771
3,1,27925,601,673,252,483,0.6787
4,1,24849,173,741,182,292,0.1628
5,3,16550,528,66,393,394,0.8736
6,3,1899,142,242,198,126,0.8317
7,3,24849,140,703,184,298,0.5916
8,3,27925,570,629,259,492,0.4710
9,4,24849,600,252,293,166,0.9732
10,4,29344,117,158,275,410,0.9227
11,4,1899,684,808,131,208,0.7603
12,4,16550,129,651,295,494,0.7521
13,5,29344,611,716,285,441,0.9431
14,5,24849,95,894,300,163,0.9368
15,5,1899,182,267,129,200,0.9206
16,5,16550,571,114,284,478,0.7416
17,8,22346,131,220,205,196,0.9363
18,8,3482,587,846,286,166,0.8523
19,8,27652,96,854,224,207,0.7891
20,8,20237,624,176,224,217,0.6829
21,9,22346,115,212,200,195,0.9304
22,9,27652,64,811,224,211,0.8997
23,9,3482,560,812,287,174,0.8619
24,9,20237,595,175,220,212,0.7296
25,10,21770,644,290,189,182,0.9817
26,10,16547,104,808,240,235,0.9664
27,10,1899,643,844,190,190,0.8939
28,10,29450,104,234,408,222,0.2967
29,13,16231,142,331,196,190,0.9230
30,13,3350,430,854,190,192,0.9127
31,13,33879,479,247,440,272,0.5425
32,15,33879,49,782,444,282,0.9934
33,15,3350,361,248,183,182,0.9481
34,15,16231,643,797,196,190,0.8729
35,17,35205,118,585,303,387,0.7433
36,17,3350,296,166,186,189,0.5184
37,17,41767,561,644,274,304,0.4716
38,17,36636,555,644,275,294,0.0015
39,19,3482,610,788,274,210,0.9348
40,19,28762,101,169,212,203,0.9027
41,19,27732,125,769,313,272,0.8556
42,19,36636,620,207,262,168,0.2010
43,19,27732,620,206,261,168,0.0070
44,19,16547,620,206,263,168,0.0045
45,19,29450,620,206,263,168,0.0028
46,23,27652,61,810,224,211,0.9245
47,23,3482,558,811,287,174,0.8797
48,23,16261,595,178,235,227,0.8671
49,23,25366,22,90,414,437,0.8225
50,24,25366,37,107,425,441,0.9066
51,24,3482,586,846,286,166,0.8604
52,24,16261,622,182,242,231,0.8013
53,24,27652,96,852,223,206,0.7903
54,27,23222,72,109,299,506,0.9167
55,27,25437,124,821,261,268,0.8278
56,27,13394,600,713,234,521,0.7688
57,27,2482,604,87,197,467,0.5102
58,28,25366,20,63,419,458,0.8676
59,28,27776,178,813,176,199,0.8652
60,28,3482,566,813,266,220,0.8456
61,28,35205,615,140,221,402,0.8421
62,29,27776,144,776,179,205,0.9202
63,29,35205,586,133,217,392,0.9046
64,29,3482,538,778,268,226,0.8261
65,29,25366,8,51,402,451,0.7911
66,31,3543,111,240,210,202,0.8283
67,31,6562,197,715,218,360,0.7025
68,31,16550,590,50,288,480,0.4530
69,31,4542,654,848,189,181,0.0859
70,32,12419,166,278,182,178,0.9545
71,32,3543,672,827,216,212,0.8914
72,32,6562,582,231,213,338,0.7784
73,32,16550,106,710,295,496,0.7412
74,38,31884,112,32,397,499,0.9074
75,38,20876,87,726,330,241,0.9016
76,38,35205,627,161,211,396,0.8997
77,38,3482,625,718,210,272,0.8818
78,40,3482,161,213,244,223,0.9394
79,40,31884,611,612,336,562,0.9252
80,40,29666,119,839,232,226,0.7415
81,40,19860,645,279,222,171,0.4723
82,40,31884,421,1140,542,140,0.0021
83,40,3831,120,838,230,227,0.0018
84,41,31884,54,93,321,539,0.8727
85,41,19860,118,865,221,169,0.8006
86,41,3482,593,872,259,232,0.7739
87,41,29666,638,206,224,215,0.7555
88,41,16547,638,204,226,217,0.0015
89,42,29666,609,199,219,215,0.8563
90,42,31884,36,73,315,533,0.8383
91,42,19860,83,828,228,177,0.8246
92,42,3482,564,842,261,232,0.7983
93,44,29666,95,725,231,230,0.9207
94,44,13899,579,672,181,266,0.7918
95,44,3350,371,155,183,186,0.7596
96,44,3831,93,723,231,233,0.0020
97,44,31884,694,1168,282,112,0.0011
98,46,3742,119,786,325,320,0.9421
99,46,2482,591,67,247,480,0.9077
100,46,23222,102,118,311,495,0.8862
101,46,12080,603,711,235,448,0.6664
102,46,2482,951,15,25,493,0.0011
103,47,12080,111,114,224,422,0.8287
104,47,23222,531,589,310,505,0.7869
105,47,2482,90,670,253,467,0.5030
106,47,3742,493,168,315,297,0.3130
107,47,5093,485,165,319,313,0.0107
108,53,6191,103,116,356,474,0.9475
109,53,2482,655,99,210,470,0.8828
110,53,25437,132,854,263,265,0.7887
111,53,5885,611,684,237,507,0.1497
112,53,35205,0,0,319,125,0.0016
113,54,6191,469,643,370,489,0.9497
114,54,25437,549,178,243,251,0.8719
115,54,2482,72,664,199,484,0.7911
116,54,5885,118,82,225,478,0.6752
117,55,3350,423,847,189,192,0.9000
118,55,20013,50,285,340,316,0.7491
119,55,16687,434,168,502,455,0.4937
120,55,31884,723,0,253,123,0.0050
121,55,16261,48,284,343,326,0.0026
122,56,3350,325,193,186,189,0.9796
123,56,20013,547,620,351,342,0.8893
124,56,16687,0,558,510,509,0.7765
125,58,34596,38,50,389,469,0.9522
126,58,35205,554,93,281,367,0.8283
127,58,3482,573,837,262,231,0.7895
128,58,19860,90,827,229,178,0.7714
129,60,35205,110,777,302,390,0.9482
130,60,34596,549,690,410,489,0.8991
131,60,3482,152,218,245,221,0.8943
132,60,19860,640,278,217,170,0.4698
133,60,31884,394,1178,566,101,0.0037
134,62,3350,326,156,185,188,0.9639
135,62,18146,90,549,291,419,0.9228
136,62,36636,542,653,203,248,0.5593
137,62,31704,542,651,205,255,0.0042
138,62,31884,739,1154,237,126,0.0012
139,64,29666,153,278,228,223,0.9694
140,64,20013,588,267,343,320,0.9159
141,64,3350,395,887,193,192,0.3058
142,64,16687,0,0,270,135,0.0013
143,65,3350,349,153,188,189,0.9137
144,65,29666,557,728,234,233,0.8763
145,65,20013,0,633,343,345,0.6637
146,65,16687,725,1168,251,112,0.0228
147,65,31884,724,1173,252,107,0.0037
148,65,16687,773,1145,203,135,0.0022
149,66,3350,393,211,184,182,0.9769
150,66,29666,597,819,229,225,0.9524
151,66,20013,32,717,346,341,0.3427
152,66,16687,33,718,346,341,0.0015
153,66,16687,740,0,236,75,0.0015
154,68,16231,154,829,191,192,0.9544
155,68,3482,173,276,262,221,0.9243
156,68,30307,512,767,446,375,0.8751
157,68,27776,637,294,176,195,0.8749
158,68,22346,153,827,192,191,0.0011
159,70,1899,632,898,210,157,0.8108
160,70,24849,645,258,191,268,0.7578
161,70,16550,47,710,299,499,0.6387
162,70,29450,46,232,406,229,0.4169
163,72,29450,554,841,408,226,0.8561
164,72,16550,644,49,291,479,0.8340
165,72,24849,152,774,195,279,0.6621
166,72,1899,153,225,207,150,0.5592
167,72,27992,156,226,206,149,0.0022
168,73,3543,73,201,204,199,0.9156
169,73,16550,522,71,352,426,0.8873
170,73,12246,593,849,213,127,0.7465
171,73,6562,165,674,221,364,0.6792
172,73,3543,593,850,210,128,0.0024
173,73,36636,592,849,212,128,0.0012
174,75,3543,88,210,208,202,0.8479
175,75,12246,620,878,210,126,0.8348
176,75,16550,551,81,362,434,0.7042
177,75,6562,199,715,217,359,0.6455
178,79,19231,503,239,329,253,0.8645
179,79,16261,128,298,241,234,0.7892
180,79,3350,387,846,191,190,0.1617
181,80,19231,94,697,340,267,0.9804
182,80,16261,569,696,248,244,0.9690
183,80,3350,359,194,185,188,0.3660
184,82,2482,630,99,199,471,0.7190
185,82,3742,121,837,336,337,0.6235
186,82,22361,612,736,269,418,0.5556
187,82,19551,115,145,326,497,0.0655
188,83,19551,504,597,318,492,0.9459
189,83,22361,84,118,258,391,0.8960
190,83,2482,91,660,208,493,0.8390
191,83,3742,488,128,316,303,0.7105
192,83,16687,746,1153,230,127,0.0011
193,85,16547,571,251,232,226,0.9715
194,85,29344,587,680,285,444,0.9606
195,85,21770,148,850,195,191,0.9202
196,85,1899,163,257,127,200,0.7625
197,86,29344,116,158,276,408,0.9125
198,86,1899,685,808,129,208,0.7285
199,86,21770,619,252,188,181,0.5798
200,86,16547,152,769,239,237,0.5128
201,88,31704,619,734,253,445,0.9702
202,88,1899,131,231,206,137,0.8281
203,88,18109,78,800,308,288,0.7887
204,88,16550,610,53,283,476,0.4854
205,89,1899,116,223,200,140,0.8466
206,89,31704,596,693,250,455,0.7961
207,89,16550,581,44,278,470,0.7874
208,89,18109,42,755,312,303,0.7757
209,89,36636,601,739,244,396,0.0015
210,90,31704,134,129,244,418,0.8985
211,90,18109,611,218,300,286,0.8085
212,90,16550,84,710,295,494,0.6322
213,90,1899,656,903,213,148,0.3502
214,90,12246,654,903,214,148,0.0038
215,91,19606,689,299,157,150,0.9790
216,91,27925,148,145,259,452,0.9220
217,91,16547,124,865,240,239,0.9016
218,91,1899,631,893,210,136,0.6911
219,95,3350,338,182,183,187,0.9606
220,95,29666,63,744,229,232,0.9469
221,95,32309,497,720,386,239,0.8061
222,95,3831,62,743,229,232,0.0028
223,95,6191,798,0,178,135,0.0019
224,95,3831,783,0,193,132,0.0015
225,95,33879,781,0,195,115,0.0013
226,97,19606,667,252,155,152,0.9918
227,97,29344,115,167,313,400,0.9085
228,97,16547,102,821,239,238,0.8418
229,97,1899,688,806,130,208,0.7655
230,100,16547,586,132,231,224,0.9558
231,100,33008,520,791,380,210,0.9545
232,100,18109,43,746,311,298,0.8741
233,100,1899,135,245,191,161,0.8675
234,100,16547,520,792,378,209,0.0024
235,100,3350,43,749,307,297,0.0016
236,100,21770,47,748,302,303,0.0010
237,102,16547,615,136,238,227,0.9955
238,102,1899,151,253,196,164,0.9113
239,102,33008,550,838,373,198,0.7492
240,102,18109,78,792,308,289,0.5451
241,102,16547,549,836,377,201,0.0014
242,104,21324,616,758,175,235,0.9904
243,104,18356,106,610,253,370,0.7041
244,104,3350,326,205,181,187,0.5416
245,104,36636,618,760,172,234,0.0049
246,104,16687,0,1220,199,60,0.0039
247,104,3831,788,0,188,129,0.0027
248,104,3831,764,0,212,86,0.0019
249,104,1899,0,1226,127,54,0.0013
250,104,16687,0,1186,196,94,0.0012
251,104,31884,0,1224,200,56,0.0011
252,108,12777,106,51,295,518,0.8938
253,108,2482,601,83,247,475,0.8727
254,108,25437,143,845,255,253,0.7904
255,108,22361,589,745,253,408,0.5358
256,108,2482,953,19,23,468,0.0010
257,109,35205,110,777,301,390,0.9559
258,109,3482,151,218,246,222,0.8929
259,109,25366,584,717,383,497,0.8644
260,109,19860,639,278,217,170,0.4785
261,110,25366,40,51,384,480,0.9133
262,110,3482,600,867,261,231,0.8450
263,110,35205,582,97,290,379,0.7512
264,110,19860,126,866,220,168,0.6873
265,112,3543,127,236,207,200,0.8807
266,112,16550,156,585,306,473,0.8794
267,112,10220,631,200,224,215,0.8422
268,112,33008,563,811,368,207,0.5082
269,113,3543,659,832,213,213,0.9629
270,113,16550,532,225,307,464,0.9134
271,113,10220,126,846,230,224,0.8749
272,113,33008,76,268,362,222,0.8222
273,113,16547,77,268,362,222,0.2124
274,114,3543,111,224,203,200,0.9429
275,114,16550,126,537,308,478,0.8459
276,114,10220,604,193,219,213,0.7971
277,114,33008,532,764,376,224,0.7427
278,114,16547,532,762,377,225,0.0014
279,115,3482,122,307,272,200,0.8859
280,115,25366,496,646,424,465,0.8251
281,115,27732,561,258,301,262,0.7965
282,115,36636,101,880,268,181,0.7283
283,118,16687,421,82,442,520,0.8718
284,118,13899,61,310,232,216,0.8267
285,118,3350,456,846,192,191,0.6704
286,119,13899,651,707,228,224,0.9419
287,119,3350,293,192,186,189,0.7960
288,119,16687,83,579,443,574,0.0200
289,119,2482,79,578,446,575,0.0050
290,120,3350,334,254,185,184,0.9769
291,120,13899,689,797,227,218,0.9517
292,120,16687,120,682,451,579,0.2111
293,122,3482,573,812,281,194,0.8063
294,122,25366,57,93,365,474,0.7868
295,122,29666,593,172,217,212,0.7844
296,122,25468,49,786,348,301,0.6669
297,122,3831,591,169,219,215,0.0015
298,124,21025,674,273,177,173,0.9547
299,124,21770,686,883,198,193,0.9223
300,124,16550,1,766,371,456,0.6506
301,124,1899,175,280,200,141,0.6325
302,125,1899,623,887,207,142,0.8776
303,125,21770,116,204,191,184,0.8697
304,125,16550,622,32,354,439,0.6962
305,125,21025,137,867,180,177,0.5701
306,125,22346,137,868,179,176,0.0037
307,126,21770,100,196,187,182,0.9676
308,126,16550,596,27,345,432,0.8835
309,126,1899,594,855,213,147,0.8803
310,126,21025,104,834,181,180,0.8776
311,127,5093,136,858,287,287,0.8360
312,127,22361,622,782,253,426,0.7274
313,127,6191,132,151,298,540,0.6909
314,127,2482,644,124,198,463,0.4990
315,128,6191,131,130,295,528,0.8047
316,128,2482,651,83,197,482,0.7966
317,128,22361,609,779,252,410,0.7566
318,128,5093,137,847,275,273,0.7282
319,129,22361,84,78,248,389,0.9470
320,129,6191,521,545,284,527,0.8589
321,129,5093,523,152,268,261,0.8433
322,129,2482,83,642,204,493,0.7531
323,129,16687,749,1163,227,117,0.0018
324,129,33879,740,1166,236,114,0.0012
325,129,35205,715,1186,258,94,0.0012
326,130,3482,174,274,262,223,0.9279
327,130,27776,638,295,176,194,0.8681
328,130,36636,129,827,192,255,0.7955
329,130,30307,511,766,461,316,0.6327
330,132,36636,665,181,187,246,0.9147
331,132,27776,179,812,175,199,0.8706
332,132,3482,566,813,265,221,0.8493
333,132,30307,32,177,455,314,0.7903
334,132,27732,23,128,277,258,0.0024
335,134,27652,62,810,225,212,0.9257
336,134,35205,652,140,197,401,0.9129
337,134,3482,559,812,287,174,0.8890
338,134,31884,41,5,350,524,0.5839
339,135,35205,681,151,201,410,0.8750
340,135,3482,587,846,286,165,0.8676
341,135,27652,96,852,223,207,0.8031
342,135,31884,54,24,363,525,0.0995
343,136,44198,135,243,246,232,0.9880
344,136,16550,80,656,317,485,0.8798
345,136,1899,651,850,210,160,0.8273
346,136,33008,563,214,327,291,0.7228
347,136,22346,136,246,240,228,0.0019
348,139,31884,10,48,392,502,0.9164
349,139,35205,587,112,221,391,0.8879
350,139,3482,574,812,281,194,0.8051
351,139,25468,51,787,346,301,0.6580
352,140,35205,614,120,230,400,0.8145
353,140,31884,25,73,410,504,0.7847
354,140,3482,602,845,277,189,0.7668
355,140,25468,86,831,343,300,0.7384
356,142,16547,593,156,231,224,0.9787
357,142,44198,78,178,250,223,0.9778
358,142,1899,582,867,212,143,0.8966
359,142,21025,92,832,181,180,0.8565
360,142,22346,91,832,183,179,0.0015
361,143,16547,621,161,237,226,0.9966
362,143,44198,91,185,259,227,0.9818
363,143,1899,610,899,207,139,0.8800
364,143,21025,125,865,181,178,0.5949
365,143,22346,124,866,181,177,0.0049
366,146,16231,154,829,190,192,0.9636
367,146,3482,172,276,262,221,0.9286
368,146,27776,637,294,176,195,0.8788
369,146,31884,558,676,400,525,0.7853
370,146,31884,406,1162,544,118,0.0158
371,146,22346,153,827,192,190,0.0034
372,146,31884,423,1196,523,84,0.0016
373,148,19231,503,239,332,254,0.8707
374,148,20237,119,300,228,220,0.7347
375,148,3350,401,851,191,190,0.1543
376,148,20237,401,851,191,190,0.0015
377,149,19231,94,696,339,266,0.9843
378,149,3350,346,190,186,187,0.7840
379,149,20237,595,711,229,228,0.1736
380,149,22346,596,711,227,228,0.0075
381,149,38161,594,711,231,230,0.0025
382,149,31862,595,710,229,230,0.0022
383,150,19231,139,801,333,262,0.9925
384,150,3350,389,252,184,182,0.9632
385,150,20237,635,801,225,223,0.8045
386,151,29450,512,242,412,222,0.9342
387,151,1899,644,845,188,190,0.9065
388,151,33207,184,266,207,197,0.7151
389,151,16547,100,819,237,237,0.2142
390,151,16261,184,268,206,196,0.0021
391,152,29450,35,803,422,224,0.9236
392,152,1899,148,242,181,181,0.7719
393,152,33207,583,812,215,204,0.7626
394,152,16547,620,204,231,225,0.3565
395,153,29450,73,842,413,219,0.9341
396,153,16547,649,212,237,227,0.8458
397,153,1899,165,248,185,181,0.8198
398,153,33207,610,845,212,198,0.7751
399,154,23222,91,134,318,491,0.8690
400,154,2482,626,53,246,467,0.8623
401,154,5885,599,688,235,486,0.7996
402,154,5093,112,807,274,273,0.6348
403,155,5093,550,189,267,263,0.8437
404,155,23222,536,577,318,493,0.8370
405,155,5885,116,81,232,475,0.6184
406,155,2482,73,693,247,467,0.5575
407,156,23222,95,176,314,484,0.9059
408,156,5093,113,816,283,283,0.7380
409,156,2482,609,86,259,461,0.6943
410,156,5885,608,687,242,506,0.0568
411,156,2482,610,688,241,504,0.0023
412,156,3831,0,0,309,130,0.0013
413,156,35205,0,0,313,123,0.0012
414,157,27776,144,776,179,205,0.9205
415,157,16261,576,189,236,228,0.8917
416,157,3482,538,780,267,226,0.8646
417,157,25366,105,82,392,461,0.3841
418,159,27776,177,813,176,199,0.8653
419,159,3482,566,814,266,221,0.8505
420,159,16261,603,193,241,231,0.8164
421,159,25366,122,97,403,468,0.5698
422,160,3543,627,888,213,212,0.9448
423,160,23202,210,316,136,139,0.8803
424,160,16550,574,263,292,471,0.8461
425,160,4542,146,915,212,211,0.5070
426,160,28762,212,318,134,135,0.0049
427,162,16550,129,539,288,477,0.8689
428,162,3543,159,180,207,200,0.7469
429,162,23202,653,854,140,135,0.4205
430,162,4542,628,144,208,203,0.3366
431,162,28762,654,857,138,131,0.0021
432,162,27652,653,857,137,130,0.0018
433,162,33877,654,857,138,131,0.0016
434,163,16231,644,251,187,182,0.9504
435,163,27776,179,813,174,199,0.8522
436,163,3482,566,812,266,220,0.8184
437,163,28762,127,174,212,201,0.0826
438,163,22346,644,249,187,183,0.0083
439,164,16231,154,829,190,192,0.9610
440,164,3482,172,275,262,222,0.9288
441,164,28762,652,890,222,216,0.9002
442,164,27776,637,293,176,195,0.8708
443,164,22346,152,827,192,190,0.0040
444,165,27776,145,776,179,204,0.9224
445,165,16231,616,240,184,183,0.8753
446,165,3482,540,779,267,225,0.8377
447,165,28762,111,168,209,197,0.7001
448,165,22346,616,239,184,183,0.0024
449,170,6191,119,153,304,527,0.9385
450,170,5093,108,811,285,286,0.9334
451,170,12080,651,693,246,470,0.7740
452,170,2482,618,80,234,456,0.5442
453,172,29666,631,180,223,216,0.8711
454,172,3482,585,846,286,165,0.8513
455,172,27652,95,852,225,207,0.7842
456,172,25366,116,64,333,499,0.6558
457,173,27652,61,810,226,211,0.9082
458,173,3482,558,812,287,174,0.8544
459,173,29666,604,179,218,213,0.7253
460,173,25366,101,54,323,489,0.6386
461,174,3482,133,286,276,177,0.8806
462,174,27652,672,256,220,199,0.8674
463,174,25366,551,686,332,514,0.8407
464,174,29666,126,866,229,225,0.7287
465,175,19860,119,865,220,168,0.7937
466,175,3482,593,871,259,232,0.7897
467,175,30307,121,96,280,477,0.7512
468,175,29666,638,203,225,215,0.6772
469,176,3482,159,215,245,221,0.9287
470,176,30307,591,679,290,484,0.8823
471,176,29666,118,840,233,227,0.7563
472,176,19860,644,279,222,171,0.5120
473,176,3831,118,839,230,228,0.0018
474,179,3482,173,272,263,222,0.8961
475,179,20237,151,849,233,228,0.8886
476,179,27776,639,293,176,195,0.8728
477,179,22346,644,833,214,208,0.7933
478,180,22346,123,230,203,194,0.9786
479,180,27776,144,777,180,205,0.9209
480,180,20237,576,191,221,212,0.8667
481,180,3482,539,781,266,224,0.8555
482,183,10220,159,262,218,213,0.9825
483,183,3543,642,876,214,213,0.8391
484,183,6562,590,239,214,339,0.7583
485,183,16550,19,701,408,407,0.7404
486,185,3543,142,173,202,198,0.9333
487,185,16547,135,738,238,234,0.8255
488,185,23202,628,822,140,139,0.7926
489,185,4542,601,143,202,201,0.1936
490,185,28762,629,824,139,135,0.0066
491,185,22346,629,824,139,136,0.0011
492,186,16547,167,781,234,228,0.9943
493,186,3543,158,179,207,201,0.7116
494,186,4542,629,144,208,203,0.3746
495,186,23202,655,854,140,136,0.3204
496,186,27652,656,856,137,132,0.0022
497,186,33877,656,856,137,132,0.0017
498,186,28762,656,856,138,132,0.0014
499,189,12777,89,136,290,524,0.8867
500,189,5093,136,858,287,287,0.8547
501,189,22361,620,781,256,427,0.7393
502,189,2482,643,123,199,466,0.4511
503,191,3543,124,182,202,199,0.8482
504,191,4542,640,153,201,198,0.8369
505,191,16550,582,571,284,487,0.8256
506,191,10220,93,790,225,220,0.4937
507,196,12777,539,519,279,522,0.9265
508,196,22361,83,120,257,389,0.8707
509,196,2482,90,664,210,490,0.8162
510,196,3742,489,129,315,302,0.7868
511,196,16687,745,1154,231,126,0.0028
512,196,33879,739,1159,237,121,0.0016
513,197,12777,117,177,292,515,0.9324
514,197,3742,121,827,325,321,0.8683
515,197,2482,636,63,201,487,0.8505
516,197,22361,602,735,264,405,0.4946
517,198,12777,120,202,289,522,0.8809
518,198,2482,628,100,197,472,0.7798
519,198,3742,121,837,335,337,0.7255
520,198,22361,612,737,268,419,0.5974
521,199,27776,176,811,175,200,0.8713
522,199,3482,564,814,265,220,0.8709
523,199,29666,632,165,220,212,0.8050
524,199,30307,40,118,403,401,0.6564
525,199,27732,29,41,299,273,0.0287
526,200,3482,177,274,261,222,0.9049
527,200,27776,640,296,177,195,0.9018
528,200,29666,127,882,229,227,0.6845
529,200,30307,560,732,415,412,0.6008
530,200,3831,127,880,230,228,0.0021
531,200,30307,127,880,229,229,0.0014
532,202,16261,109,834,249,243,0.9125
533,202,20876,547,294,326,235,0.8355
534,202,3482,143,291,213,255,0.6926
535,202,22346,688,867,215,207,0.5992
536,203,3482,624,719,209,272,0.9076
537,203,20876,86,726,330,241,0.9001
538,203,22346,83,198,201,194,0.8981
539,203,16261,603,190,236,226,0.7919
540,204,3482,649,750,211,269,0.8641
541,204,20876,117,769,329,231,0.8569
542,204,22346,97,205,207,196,0.8278
543,204,16261,630,194,243,231,0.6904
544,205,3543,112,163,203,199,0.9285
545,205,16547,593,122,229,223,0.8799
546,205,23202,624,846,139,142,0.8553
547,205,6562,166,675,219,364,0.7414
548,205,21770,624,851,139,136,0.0107
549,205,28762,624,851,138,135,0.0019
550,210,29666,162,750,229,226,0.9858
551,210,3350,418,244,184,183,0.8856
552,210,31862,596,876,206,206,0.0971
553,210,22346,596,876,207,206,0.0011
554,212,1899,622,887,209,142,0.8833
555,212,16550,479,141,447,350,0.7622
556,212,21025,137,867,180,177,0.5634
557,212,18109,60,123,304,289,0.1620
558,212,22346,138,868,179,176,0.0026
559,213,1899,594,856,212,146,0.8959
560,213,21025,104,834,181,181,0.8593
561,213,16550,451,129,436,345,0.7247
562,213,18109,45,114,296,287,0.5462
563,213,22346,103,834,182,179,0.0012
564,214,1899,142,240,199,129,0.8556
565,214,33207,587,800,214,207,0.8318
566,214,16550,571,54,276,467,0.7870
567,214,27925,90,614,272,486,0.5091
568,215,33207,615,834,212,202,0.8580
569,215,1899,158,249,204,127,0.8132
570,215,16550,595,63,287,481,0.7626
571,215,27925,128,666,264,475,0.6912
572,217,3742,119,786,323,319,0.9375
573,217,2482,591,67,250,481,0.9251
574,217,12080,602,712,234,448,0.6553
575,217,6191,132,128,273,529,0.5473
576,219,12080,112,114,224,423,0.8242
577,219,2482,89,671,258,467,0.4711
578,219,6191,541,541,263,534,0.2348
579,219,3742,493,168,315,297,0.2137
580,219,5093,486,165,319,313,0.0271
581,222,3350,406,204,185,185,0.9844
582,222,16261,170,768,244,240,0.8215
583,222,41767,608,742,270,301,0.4549
584,224,34596,101,80,370,488,0.8034
585,224,3482,602,844,278,189,0.7910
586,224,25468,84,831,344,298,0.7443
587,224,29666,619,175,224,215,0.6933
588,224,3831,619,173,224,216,0.0090
589,225,3482,129,272,268,192,0.8910
590,225,34596,525,664,375,505,0.7673
591,225,25468,577,193,329,282,0.6709
592,225,29666,138,872,229,227,0.4497
593,225,3831,138,871,231,229,0.0017
594,226,20237,643,189,228,216,0.8629
595,226,3482,600,867,261,230,0.8404
596,226,22346,108,229,207,198,0.7483
597,226,19860,127,866,220,168,0.6669
598,226,16547,108,228,209,200,0.0777
599,229,3742,533,151,319,305,0.9123
600,229,23222,493,659,411,451,0.7593
601,229,5885,101,71,237,470,0.7477
602,229,2482,56,681,278,457,0.7327
603,231,2482,600,111,289,448,0.9047
604,231,23222,55,136,393,443,0.6967
605,231,5885,613,697,235,513,0.5123
606,231,3742,73,814,339,329,0.3523
607,232,3482,599,799,275,206,0.8993
608,232,22346,128,233,207,197,0.8884
609,232,27732,114,775,322,262,0.8687
610,232,29666,675,190,229,213,0.8672
611,234,29666,646,185,223,213,0.9013
612,234,3482,570,768,278,206,0.8891
613,234,27732,79,733,330,270,0.8878
614,234,22346,112,224,201,194,0.8590
615,236,28762,615,834,222,214,0.9529
616,236,3482,133,287,276,177,0.9032
617,236,27652,671,255,219,200,0.8890
618,236,35205,106,688,201,418,0.6095
619,237,28762,144,223,209,199,0.9681
620,237,27652,62,810,224,211,0.9126
621,237,35205,652,141,197,401,0.9025
622,237,3482,560,812,287,174,0.8881
623,238,18356,68,260,301,298,0.6729
624,238,16261,626,242,238,230,0.6716
625,238,3350,404,834,186,188,0.4916
626,238,35205,788,1197,188,82,0.0014
627,241,18146,515,256,312,384,0.9467
628,241,3350,410,912,192,193,0.7618
629,241,20237,131,327,223,220,0.1163
630,241,33879,130,326,228,220,0.0035
631,241,12777,130,326,227,220,0.0025
632,243,3350,379,186,184,182,0.9040
633,243,20237,623,768,228,226,0.8184
634,243,18146,141,653,317,399,0.7192
635,244,3543,128,169,209,201,0.9216
636,244,16550,579,5,285,485,0.7420
637,244,6562,198,716,217,359,0.6192
638,244,23202,650,879,139,137,0.4523
639,244,27652,650,883,138,132,0.0033
640,244,33877,650,883,137,132,0.0015
641,247,2482,628,101,197,469,0.7924
642,247,6191,57,127,341,513,0.7619
643,247,3742,120,837,337,336,0.6126
644,247,22361,612,736,268,418,0.5238
645,247,5093,116,836,337,342,0.0026
646,248,2482,634,64,203,487,0.8918
647,248,3742,122,827,324,322,0.8829
648,248,22361,601,735,263,406,0.5524
649,248,6191,51,109,341,497,0.2335
650,249,22361,84,120,257,389,0.8801
651,249,2482,89,663,213,489,0.8402
652,249,22361,556,598,342,499,0.7362
653,249,3742,488,128,316,302,0.7109
654,249,6191,555,596,339,501,0.6904
655,249,16687,724,1162,252,118,0.0071
656,249,35205,711,1181,265,99,0.0018
657,250,29666,129,206,226,222,0.9816
658,250,18356,543,230,244,353,0.9091
659,250,3350,377,849,190,191,0.8210
660,251,3350,370,179,183,186,0.9476
661,251,18356,141,596,247,372,0.5379
662,251,29666,587,795,231,232,0.0198
663,251,16687,0,1227,202,53,0.0034
664,251,3831,776,0,200,116,0.0026
665,251,3831,751,0,225,89,0.0013
666,251,16687,0,1197,195,83,0.0011
667,251,20237,588,795,230,230,0.0011
668,252,3350,412,238,184,184,0.9868
669,252,18356,186,692,242,370,0.6910
670,252,20237,625,887,228,224,0.0113
671,252,29666,625,887,228,224,0.0104
672,252,5093,625,887,227,224,0.0082
673,253,35205,58,254,417,218,0.9688
674,253,33879,458,252,429,289,0.8168
675,253,3350,445,849,190,191,0.6131
676,256,19551,495,657,316,500,0.8729
677,256,25437,545,180,243,252,0.8274
678,256,2482,65,669,207,483,0.8054
679,256,5885,115,86,231,475,0.6159
680,259,3350,383,895,191,192,0.9502
681,259,41767,107,284,273,288,0.9063
682,259,20237,604,279,226,222,0.0437
683,259,3350,605,279,224,221,0.0244
684,259,31862,605,278,226,221,0.0033
685,259,32309,605,277,227,223,0.0010
686,262,27652,61,810,225,210,0.9035
687,262,3482,558,811,288,175,0.8744
688,262,29666,604,176,218,214,0.7312
689,262,34596,73,30,337,499,0.4150
690,262,31884,73,31,336,497,0.0030
691,264,3482,133,287,277,177,0.8858
692,264,27652,672,255,221,201,0.8676
693,264,29666,126,866,229,225,0.7923
694,264,34596,563,681,351,518,0.7745
695,265,16231,143,846,197,193,0.9806
696,265,27652,672,256,219,199,0.8718
697,265,3482,134,287,275,176,0.8706
698,265,25366,602,669,374,488,0.8459
699,265,22346,143,844,195,195,0.0010
700,266,16231,648,231,192,182,0.9232
701,266,25366,22,110,389,473,0.8703
702,266,3482,586,846,286,166,0.8695
703,266,27652,96,852,223,207,0.7622
704,266,22346,648,229,193,183,0.0044
705,271,20876,87,726,331,242,0.9006
706,271,3482,624,718,210,271,0.8955
707,271,35205,634,161,213,397,0.8916
708,271,22346,105,189,201,192,0.8805
709,273,35205,98,671,232,411,0.9377
710,273,20876,545,293,327,235,0.8347
711,273,22346,665,875,215,211,0.7959
712,273,3482,142,293,212,254,0.6676
713,274,20013,577,258,343,318,0.9122
714,274,21324,206,327,150,232,0.8860
715,274,3350,419,889,193,192,0.5636
716,275,3350,328,150,185,189,0.9660
717,275,20013,4,647,353,342,0.9652
718,275,21324,583,665,153,242,0.3195
719,275,36636,582,665,154,240,0.0269
720,275,31884,700,1155,276,125,0.0092
721,277,3482,600,867,260,231,0.8431
722,277,36636,618,200,269,152,0.7875
723,277,19860,126,866,220,168,0.6857
724,277,30307,77,99,399,401,0.4976
725,278,3482,152,219,246,222,0.8903
726,278,30307,521,750,410,413,0.8450
727,278,36636,94,908,276,166,0.8085
728,278,19860,638,278,220,171,0.4490
729,278,30307,398,1145,549,135,0.0023
730,280,3831,431,276,399,351,0.9608
731,280,3350,409,867,190,191,0.8476
732,280,16231,134,291,189,191,0.1745
733,280,22346,134,290,191,193,0.0062
734,280,16687,691,0,285,126,0.0034
735,280,31884,0,0,253,137,0.0011
736,286,27776,144,776,179,205,0.9264
737,286,16261,577,189,235,227,0.8793
738,286,3482,539,780,266,227,0.8777
739,286,30307,33,114,374,408,0.6616
740,286,27732,26,76,282,230,0.0034
741,287,16261,137,835,248,243,0.9150
742,287,3482,174,274,263,221,0.8845
743,287,27776,639,293,177,195,0.8593
744,287,30307,578,702,389,423,0.4806
745,287,27732,575,655,309,232,0.0011
746,288,3482,566,815,265,220,0.8675
747,288,27776,177,814,175,199,0.8606
748,288,16261,603,193,242,231,0.8010
749,288,30307,44,132,389,418,0.7101
750,288,27732,38,96,268,255,0.0224
751,288,27732,36,56,302,272,0.0037
752,289,2482,599,82,250,474,0.8636
753,289,6191,99,48,271,538,0.8409
754,289,25437,144,844,255,254,0.8144
755,289,22361,589,744,253,407,0.6316
756,291,22361,103,109,251,391,0.9757
757,291,25437,536,176,245,252,0.8226
758,291,2482,75,658,261,472,0.6608
759,291,6191,577,614,268,538,0.2992
760,292,12777,543,595,325,509,0.9350
761,292,25437,548,178,244,251,0.8722
762,292,2482,71,662,200,487,0.8308
763,292,5885,118,79,225,479,0.6543
764,295,16231,641,297,195,191,0.9561
765,295,20013,125,195,337,312,0.9140
766,295,3350,412,864,191,191,0.6550
767,298,16547,161,778,240,233,0.8857
768,298,33207,157,235,205,197,0.8636
769,298,31704,571,178,248,419,0.8505
770,298,1899,681,879,212,133,0.5035
771,299,31704,139,644,252,450,0.8559
772,299,1899,88,260,202,126,0.8146
773,299,33207,611,847,214,205,0.6046
774,299,16547,561,244,232,227,0.4039
775,302,3350,308,160,188,189,0.9526
776,302,19231,96,636,280,326,0.9445
777,302,36636,569,712,233,231,0.7476
778,302,33879,569,712,239,232,0.0016
779,304,22626,104,151,307,480,0.7590
780,304,3742,130,814,338,331,0.6613
781,304,4377,598,705,230,465,0.6396
782,304,2482,623,78,193,462,0.4672
783,308,3350,289,206,186,189,0.9246
784,308,36636,117,711,191,262,0.8044
785,308,41767,563,605,276,301,0.4035
786,308,36636,559,603,272,296,0.0067
787,308,16687,678,1154,298,126,0.0065
788,308,31884,676,1162,300,118,0.0015
789,308,30307,668,1159,308,121,0.0012
790,310,12246,618,322,174,183,0.9618
791,310,3543,655,890,214,215,0.9143
792,310,16550,106,145,315,450,0.8497
793,310,4542,140,868,212,210,0.7013
794,313,20876,39,754,325,254,0.9210
795,313,34596,18,25,446,405,0.8946
796,313,3482,622,723,209,270,0.8732
797,313,29666,597,182,219,214,0.6301
798,315,34596,507,783,464,423,0.8612
799,315,20876,594,259,322,245,0.8372
800,315,29666,132,859,232,226,0.7446
801,315,3482,145,288,213,256,0.7124
802,316,16547,168,791,233,227,0.9963
803,316,3543,127,235,208,201,0.8976
804,316,10220,632,200,223,215,0.7248
805,316,33008,565,811,367,208,0.6263
806,317,3543,659,832,215,213,0.9600
807,317,10220,124,845,232,224,0.9228
808,317,33008,76,267,361,223,0.8216
809,317,16547,594,282,229,224,0.6864
810,317,16547,77,267,362,222,0.2011
811,320,28762,136,195,208,199,0.9592
812,320,35205,633,162,214,397,0.9150
813,320,20876,87,726,330,242,0.8923
814,320,3482,625,718,210,270,0.8809
815,323,22346,655,875,215,209,0.9081
816,323,27652,671,255,219,200,0.8790
817,323,36636,150,801,194,254,0.8669
818,323,3482,132,286,277,177,0.8605
819,324,22346,130,194,208,197,0.9269
820,324,36636,642,210,191,245,0.8735
821,324,3482,586,846,286,165,0.8686
822,324,27652,96,853,223,207,0.7746
823,325,16261,138,835,248,242,0.9219
824,325,3482,174,273,262,222,0.8961
825,325,27776,639,294,176,195,0.8744
826,325,31884,508,704,405,525,0.8271
827,325,31884,381,1189,530,90,0.0051
828,327,3482,566,814,266,220,0.8648
829,327,27776,178,814,174,199,0.8503
830,327,16261,603,192,241,232,0.8363
831,327,31884,89,28,414,506,0.4764
832,328,3482,123,306,271,200,0.8582
833,328,31884,519,646,380,533,0.8283
834,328,36636,101,880,268,180,0.8129
835,328,27732,562,258,300,262,0.7988
836,328,31884,404,1154,501,126,0.0112
837,332,3543,126,142,202,198,0.9204
838,332,12419,83,823,187,185,0.9135
839,332,16550,564,542,287,486,0.7912
840,332,4542,589,168,203,197,0.6574
841,332,19606,84,820,189,188,0.0016
842,334,16231,628,221,187,183,0.9091
843,334,3482,624,718,210,271,0.9029
844,334,20876,87,726,330,240,0.8845
845,334,22346,147,224,201,194,0.8462
846,334,22346,628,220,189,185,0.0024
847,335,16231,135,848,195,191,0.9697
848,335,20876,545,294,327,235,0.8139
849,335,3482,142,292,212,256,0.6854
850,335,22346,622,840,213,207,0.2532
851,336,16231,656,232,192,179,0.9138
852,336,20876,118,769,330,231,0.8820
853,336,3482,650,749,211,269,0.8519
854,336,22346,164,232,206,197,0.7922
855,337,22346,641,837,214,207,0.9064
856,337,3482,127,272,270,190,0.8899
857,337,25468,577,191,328,283,0.6447
858,337,36636,132,829,180,261,0.0164
859,337,16547,129,828,185,266,0.0061
860,337,16231,130,827,184,267,0.0022
861,337,44198,129,827,185,266,0.0019
862,337,31704,130,828,184,266,0.0011
863,338,22346,127,225,203,194,0.9265
864,338,3482,574,813,281,193,0.8252
865,338,25468,50,787,348,300,0.7051
866,338,36636,645,172,170,244,0.6446
867,339,22346,144,235,207,198,0.9528
868,339,36636,676,173,174,252,0.8399
869,339,3482,602,845,278,188,0.7772
870,339,25468,85,831,342,300,0.7713
871,340,27776,144,777,180,205,0.9233
872,340,34596,40,85,389,467,0.9123
873,340,3482,539,781,267,225,0.8758
874,340,20237,576,191,223,213,0.8536
875,341,34596,51,116,400,463,0.9037
876,341,27776,178,814,176,199,0.8919
877,341,3482,567,815,265,220,0.8635
878,341,20237,604,195,226,215,0.5884
879,344,3482,566,814,265,221,0.8788
880,344,27776,178,814,175,198,0.8752
881,344,16261,603,194,244,230,0.8025
882,344,28762,156,195,212,198,0.3947
883,345,27776,144,777,180,204,0.9230
884,345,3482,538,780,267,224,0.8206
885,345,28762,139,186,206,199,0.7946
886,345,16261,577,188,235,226,0.7874
887,346,16231,644,250,187,183,0.9507
888,346,27776,179,813,175,199,0.8754
889,346,3482,567,813,265,219,0.8328
890,346,25366,140,55,336,495,0.5373
891,346,22346,644,249,187,184,0.0054
892,347,27776,146,776,180,204,0.9177
893,347,16231,616,240,183,182,0.8762
894,347,3482,540,778,266,224,0.8238
895,347,25366,128,45,323,484,0.6387
896,347,22346,616,239,184,183,0.0012
897,349,27776,179,813,175,199,0.8727
898,349,34596,9,131,436,426,0.8391
899,349,3482,567,812,264,220,0.8312
900,349,35205,615,140,223,402,0.8074
901,349,27732,12,67,320,249,0.0014
902,352,5093,136,858,290,288,0.7879
903,352,22361,622,781,255,425,0.7083
904,352,2482,643,123,199,466,0.3811
905,352,19551,107,177,330,487,0.2460
906,355,12080,74,134,224,425,0.8840
907,355,23222,545,592,303,506,0.8303
908,355,2482,58,701,249,476,0.7907
909,355,5093,548,193,273,264,0.7336
910,355,35205,752,1194,224,86,0.0012
911,356,5093,106,800,278,280,0.9103
912,356,2482,628,33,246,479,0.9074
913,356,23222,97,114,304,496,0.9028
914,356,12080,641,690,237,449,0.6961
915,356,35205,769,1218,207,62,0.0097
916,356,2482,955,20,21,474,0.0012
917,359,27776,176,811,176,200,0.8795
918,359,3482,563,814,266,219,0.8559
919,359,29666,631,164,221,214,0.8110
920,359,31884,79,48,369,525,0.1726
921,361,18146,211,165,210,413,0.7713
922,361,16261,645,289,238,233,0.6617
923,361,3350,428,881,191,192,0.0828
924,361,31884,0,0,282,160,0.0013
925,364,35205,99,256,353,325,0.9843
926,364,3350,408,856,190,193,0.9359
927,364,32309,587,170,247,339,0.4157
928,364,33879,673,0,303,124,0.0025
929,364,3831,670,0,306,102,0.0018
930,364,3831,0,0,266,133,0.0016
931,364,36636,106,260,335,303,0.0013
932,372,34596,13,143,451,411,0.9139
933,372,16261,572,195,244,231,0.8331
934,372,3482,603,845,277,189,0.7756
935,372,25468,52,857,372,218,0.7567
936,374,20876,73,797,323,244,0.8975
937,374,3482,647,754,211,267,0.8666
938,374,25366,100,35,410,467,0.7905
939,374,29666,624,186,224,216,0.5783
940,379,31862,136,315,209,207,0.9562
941,379,16687,445,162,497,467,0.7944
942,379,3350,464,860,191,190,0.6577
943,380,31862,597,716,209,213,0.9429
944,380,3350,285,180,186,189,0.9005
945,380,16687,0,555,493,517,0.7106
946,382,2482,601,111,286,447,0.8915
947,382,5885,613,695,235,512,0.7174
948,382,3742,72,814,340,329,0.2250
949,382,12777,97,131,379,454,0.0453
950,382,35205,0,0,317,124,0.0014
951,384,5885,599,701,243,487,0.8781
952,384,2482,617,81,274,453,0.7862
953,384,3742,72,803,327,317,0.6600
954,384,12777,92,92,384,458,0.3690
955,387,20237,134,869,231,227,0.9032
956,387,3482,132,288,276,176,0.8730
957,387,27652,671,255,219,200,0.8700
958,387,31884,501,655,417,515,0.7188
959,387,31884,375,1169,541,111,0.0088
960,389,34596,28,128,443,418,0.9064
961,389,20876,87,725,330,241,0.8870
962,389,3482,624,719,211,271,0.8825
963,389,16261,603,188,236,227,0.8157
964,390,34596,44,158,450,415,0.9269
965,390,20876,117,768,330,231,0.8641
966,390,3482,651,750,210,267,0.8628
967,390,16261,629,193,243,231,0.7511
968,392,21025,684,275,179,172,0.9539
969,392,33207,657,901,217,208,0.8707
970,392,1899,188,273,202,139,0.6838
971,392,16550,110,697,296,503,0.6744
972,393,1899,582,866,212,144,0.9150
973,393,16550,559,50,277,467,0.8424
974,393,21025,92,832,181,180,0.8421
975,393,33207,110,160,205,196,0.5768
976,393,22346,109,163,205,193,0.0011
977,394,3482,127,271,269,192,0.9065
978,394,28762,606,855,222,215,0.8637
979,394,20237,139,848,231,228,0.7760
980,394,25468,572,232,381,218,0.7479
981,395,28762,173,209,212,201,0.9719
982,395,3482,603,845,277,190,0.7996
983,395,25468,54,856,369,220,0.7770
984,395,20237,618,194,227,218,0.6143
985,396,28762,154,200,208,199,0.9694
986,396,3482,574,812,281,193,0.8187
987,396,25468,12,813,383,221,0.7739
988,396,20237,590,190,220,213,0.7523
989,400,16547,603,124,232,225,0.9610
990,400,33008,12,773,369,239,0.9602
991,400,1899,134,245,194,156,0.8426
992,400,33207,615,772,212,204,0.8282
993,401,16547,111,898,244,240,0.9478
994,401,1899,642,858,207,167,0.8672
995,401,33207,152,295,207,197,0.8646
996,401,33008,584,241,362,237,0.7123
997,401,16547,584,241,360,238,0.0183
998,404,35205,431,699,425,236,0.9594
999,404,3350,357,144,186,190,0.9000
1000,404,18146,18,588,288,420,0.8931
1001,404,31884,707,1149,269,131,0.0025
1002,409,33008,518,791,381,211,0.9293
1003,409,1899,136,244,187,165,0.8705
1004,409,16550,3,730,474,321,0.8137
1005,409,12777,536,129,384,282,0.0061
1006,409,16547,537,129,385,281,0.0059
1007,409,33879,535,129,383,281,0.0053
1008,409,34596,536,128,382,282,0.0026
1009,409,16547,517,791,381,210,0.0014
1010,411,1899,646,853,201,177,0.9123
1011,411,33008,85,256,370,209,0.8685
1012,411,16550,494,201,464,311,0.7656
1013,411,16547,87,256,367,209,0.3259
1014,411,34596,25,827,404,299,0.0477
1015,412,5093,108,811,285,286,0.9207
1016,412,12080,651,693,246,470,0.8027
1017,412,19551,112,193,312,495,0.5283
1018,412,2482,623,78,223,458,0.5162
1019,413,19551,110,161,314,496,0.9251
1020,413,5093,106,800,277,280,0.9127
1021,413,2482,624,33,251,480,0.9044
1022,413,12080,641,690,237,449,0.6999
1023,413,35205,772,1210,204,70,0.0342
1024,413,2482,956,20,20,468,0.0026
1025,413,35205,797,1158,179,122,0.0015
1026,413,35205,0,1190,97,90,0.0014
1027,414,19551,519,547,310,499,0.9667
1028,414,12080,74,133,224,426,0.8762
1029,414,2482,54,701,256,474,0.7993
1030,414,5093,548,192,272,265,0.7265
1031,414,35205,757,1195,219,85,0.0044
1032,415,3482,601,866,260,231,0.8318
1033,415,16261,638,175,244,232,0.8210
1034,415,31884,98,95,325,539,0.7071
1035,415,19860,127,866,220,167,0.6830
1036,416,16261,610,173,238,228,0.9148
1037,416,19860,89,828,230,177,0.7893
1038,416,3482,574,836,262,232,0.7777
1039,416,31884,79,71,317,538,0.2329
1040,417,3482,151,218,245,223,0.8937
1041,417,31884,567,614,335,554,0.8805
1042,417,16261,100,852,246,241,0.7545
1043,417,19860,639,278,217,170,0.4421
1044,417,33207,105,851,244,240,0.0032
1045,417,31884,399,1158,483,122,0.0015
1046,419,27732,564,262,303,264,0.8867
1047,419,3482,123,306,271,201,0.8846
1048,419,25366,544,738,432,440,0.8776
1049,419,20237,112,855,232,226,0.8109
1050,420,27732,85,728,322,281,0.9357
1051,420,3482,579,759,275,211,0.8964
1052,420,25366,9,77,424,418,0.8559
1053,420,20237,614,187,221,213,0.8017
1054,422,3482,154,218,245,220,0.9049
1055,422,34596,558,696,353,517,0.8766
1056,422,36636,95,907,276,167,0.7728
1057,422,19860,640,278,220,171,0.4302
1058,423,36636,592,195,259,156,0.9177
1059,423,3482,571,838,263,231,0.8164
1060,423,19860,90,827,227,176,0.7661
1061,423,34596,80,19,335,493,0.6769
1062,423,31884,79,18,337,495,0.0021
1063,429,3482,609,790,274,209,0.9391
1064,429,29666,667,180,228,214,0.9111
1065,429,34596,72,158,483,352,0.9018
1066,429,27732,130,775,313,276,0.8361
1067,430,16550,68,615,412,407,0.8953
1068,430,33877,617,793,171,221,0.7348
1069,430,4542,612,154,203,199,0.5167
1070,430,3543,182,199,204,198,0.2654
1071,431,16550,102,663,408,399,0.8639
1072,431,33877,647,830,162,215,0.8328
1073,431,3543,199,206,208,201,0.6667
1074,431,4542,639,153,211,203,0.3776
1075,432,3543,583,857,217,215,0.9498
1076,432,16550,493,231,399,386,0.8860
1077,432,4542,134,904,212,212,0.7409
1078,432,33877,193,256,163,215,0.3046
1079,433,27732,85,728,323,281,0.9247
1080,433,16231,620,180,187,183,0.9167
1081,433,3482,579,759,275,210,0.9003
1082,433,30307,96,105,348,426,0.8190
1083,433,27732,86,72,270,239,0.0097
1084,433,27732,97,32,288,316,0.0011
1085,434,16231,142,893,198,193,0.9813
1086,434,3482,124,307,270,200,0.8810
1087,434,27732,564,263,302,264,0.8574
1088,434,30307,536,693,365,447,0.8521
1089,435,3482,607,791,275,210,0.9228
1090,435,16231,648,186,192,179,0.8949
1091,435,27732,122,768,315,272,0.8583
1092,435,30307,108,120,366,438,0.5634
1093,435,27732,95,72,285,274,0.0120
1094,435,27732,96,18,319,308,0.0072
1095,435,22346,648,184,194,181,0.0012
1096,436,31884,44,142,442,473,0.8092
1097,436,3482,603,845,277,189,0.7833
1098,436,25468,54,856,371,221,0.7799
1099,436,20237,618,194,226,218,0.6847
1100,443,25437,567,186,246,253,0.8380
1101,443,2482,89,674,239,471,0.8171
1102,443,4377,79,107,218,427,0.7903
1103,443,22626,534,687,341,476,0.5366
1104,444,2482,604,108,244,453,0.8888
1105,444,22626,73,72,339,484,0.7762
1106,444,25437,112,842,260,268,0.7479
1107,444,4377,653,705,220,475,0.6095
1108,449,34596,46,130,379,478,0.9040
1109,449,3482,586,846,286,166,0.8604
1110,449,27652,96,852,223,207,0.7981
1111,449,16261,623,182,242,232,0.7913
1112,452,44198,177,235,200,260,0.9235
1113,452,1899,644,846,188,190,0.9050
1114,452,29450,513,242,414,222,0.8930
1115,452,16550,136,634,310,489,0.6132
1116,454,6191,500,593,289,525,0.8342
1117,454,5093,564,197,268,263,0.8216
1118,454,5885,130,80,230,479,0.6330
1119,454,2482,102,704,232,481,0.4699
1120,455,2482,601,23,221,482,0.9339
1121,455,6191,142,96,297,515,0.8599
1122,455,5885,587,685,232,486,0.8141
1123,455,5093,96,797,275,271,0.6836
1124,456,6191,142,126,298,516,0.8540
1125,456,2482,596,55,207,476,0.7622
1126,456,5093,99,807,282,282,0.6181
1127,456,5885,596,684,242,505,0.2910
1128,457,2482,640,67,216,483,0.8974
1129,457,6191,109,157,282,531,0.7965
1130,457,13394,633,678,232,494,0.7883
1131,457,5093,134,833,276,277,0.7841
1132,458,2482,629,99,224,471,0.9316
1133,458,13394,642,677,241,516,0.8587
1134,458,5093,134,845,286,286,0.8408
1135,458,6191,105,176,291,544,0.4304
1136,459,5093,524,164,267,260,0.8617
1137,459,13394,80,81,232,484,0.8270
1138,459,6191,551,518,268,527,0.8075
1139,459,2482,84,661,213,486,0.3297
1140,459,16687,746,1160,230,120,0.0020
1141,460,22361,83,118,257,389,0.8952
1142,460,2482,92,660,207,491,0.8166
1143,460,3742,489,128,316,303,0.7790
1144,460,23222,513,585,289,507,0.2395
1145,462,23222,133,156,298,500,0.9231
1146,462,2482,629,100,202,472,0.7327
1147,462,3742,120,838,337,335,0.7067
1148,462,22361,612,735,268,418,0.5016
1149,463,20237,133,871,230,225,0.9151
1150,463,27652,670,255,220,199,0.9036
1151,463,3482,131,288,276,176,0.8808
1152,463,28762,624,872,219,214,0.6124
1153,464,28762,139,183,207,200,0.9619
1154,464,27652,64,812,225,211,0.9108
1155,464,3482,560,811,287,174,0.8868
1156,464,20237,595,174,220,211,0.7399
1157,465,28762,156,193,210,200,0.9554
1158,465,3482,587,846,287,165,0.8478
1159,465,27652,97,853,224,207,0.7672
1160,465,20237,624,176,224,216,0.7055
1161,468,23222,107,125,311,497,0.9207
1162,468,25437,155,872,263,268,0.7593
1163,468,22361,606,747,266,422,0.5901
1164,468,2482,603,119,197,465,0.5374
1165,469,28762,151,221,210,202,0.9508
1166,469,3482,608,790,274,211,0.9482
1167,469,27732,123,768,314,274,0.8429
1168,469,35205,603,126,255,389,0.3910
1169,472,16547,628,147,236,226,0.9914
1170,472,3543,149,190,208,200,0.7665
1171,472,6562,190,710,217,359,0.6827
1172,472,33008,630,850,222,136,0.0118
1173,472,33877,630,851,224,136,0.0061
1174,472,16547,631,851,221,134,0.0034
1175,472,2482,148,188,211,205,0.0013
1176,474,16547,118,880,242,239,0.9580
1177,474,3543,636,875,214,214,0.9070
1178,474,6562,589,237,213,338,0.8117
1179,474,33877,145,306,226,148,0.5925
1180,475,25437,125,823,262,267,0.8031
1181,475,13394,603,714,233,520,0.6978
1182,475,2482,598,87,203,469,0.6160
1183,475,19551,89,136,314,497,0.1317
1184,477,2482,601,46,214,482,0.9023
1185,477,13394,589,716,238,496,0.8616
1186,477,25437,124,811,254,255,0.7226
1187,477,6191,87,105,319,493,0.0078
1188,477,19551,87,104,315,493,0.0033
1189,477,34596,87,104,316,494,0.0032
1190,479,27776,145,776,180,205,0.9213
1191,479,3482,538,778,267,226,0.7963
1192,479,36636,637,177,180,243,0.7645
1193,479,25366,68,83,368,471,0.5373
1194,481,2482,630,100,221,470,0.9324
1195,481,22626,75,112,308,489,0.8353
1196,481,13394,643,677,240,516,0.7969
1197,481,5093,135,844,284,287,0.7939
1198,482,5093,525,163,266,261,0.8451
1199,482,13394,82,82,230,483,0.8150
1200,482,22626,554,637,310,493,0.6237
1201,482,2482,85,661,210,487,0.2455
1202,484,16687,481,120,425,531,0.8885
1203,484,3350,420,894,192,193,0.5179
1204,484,32309,23,329,294,321,0.3799
1205,485,32309,625,535,290,340,0.9480
1206,485,3350,328,147,185,188,0.8354
1207,485,16687,38,520,435,597,0.0518
1208,485,2482,42,519,430,595,0.0133
1209,485,31884,691,1152,285,128,0.0011
1210,486,3350,370,205,184,184,0.9809
1211,486,32309,664,633,295,342,0.9315
1212,486,16687,74,624,432,587,0.0864
1213,486,2482,79,623,428,589,0.0252
1214,487,3482,607,791,275,210,0.9095
1215,487,27732,122,768,315,272,0.8428
1216,487,16231,648,185,193,180,0.8312
1217,487,31884,92,50,416,505,0.6577
1218,493,19606,683,900,166,162,0.9906
1219,493,21025,684,275,179,172,0.9603
1220,493,1899,186,292,199,156,0.9022
1221,493,16547,125,885,242,240,0.4831
1222,493,19860,685,275,178,172,0.0010
1223,494,19606,136,213,153,151,0.9949
1224,494,16547,591,139,232,224,0.9292
1225,494,1899,586,828,206,164,0.9063
1226,494,21025,92,832,181,179,0.8553
1227,496,3831,492,181,388,366,0.9707
1228,496,3350,393,872,191,191,0.5982
1229,496,32309,161,293,192,253,0.0730
1230,496,36636,163,295,189,248,0.0308
1231,496,20237,162,294,190,252,0.0046
1232,497,3831,52,653,388,381,0.9157
1233,497,3350,356,160,179,184,0.8412
1234,497,36636,587,668,195,259,0.1605
1235,497,1899,0,1235,82,44,0.0156
1236,497,35205,0,1232,190,48,0.0045
1237,497,31704,587,670,195,259,0.0028
1238,497,5093,70,666,364,359,0.0018
1239,497,1899,0,1234,141,45,0.0015
1240,497,29344,586,668,196,262,0.0012
1241,497,5093,77,675,270,336,0.0011
1242,497,12080,868,1151,108,129,0.0011
1243,499,16261,167,834,250,242,0.9004
1244,499,3482,127,272,270,192,0.8816
1245,499,25366,526,728,439,462,0.8659
1246,499,25468,571,232,382,217,0.7521
1247,500,16261,547,190,237,228,0.8914
1248,500,25366,39,66,410,436,0.8719
1249,500,3482,575,811,280,195,0.8248
1250,500,25468,11,812,383,221,0.7793
1251,501,25366,46,79,431,443,0.8888
1252,501,16261,571,195,245,231,0.8035
1253,501,3482,602,845,277,189,0.7755
1254,501,25468,54,856,370,220,0.7676
1255,502,3482,126,272,271,191,0.8820
1256,502,25468,571,232,382,218,0.7348
1257,502,20237,139,848,230,229,0.7263
1258,502,30307,550,728,416,412,0.4995
1259,502,27732,549,660,335,247,0.0031
1260,503,30307,40,102,387,395,0.8367
1261,503,3482,574,812,280,194,0.8325
1262,503,25468,11,813,385,221,0.7633
1263,503,20237,590,190,219,214,0.7362
1264,503,27732,40,75,257,226,0.0063
1265,503,27732,53,35,286,292,0.0015
1266,506,38161,533,631,199,303,0.7459
1267,506,3350,352,140,184,188,0.7186
1268,506,31862,82,700,209,211,0.6535
1269,506,36636,82,700,210,211,0.0022
1270,506,31884,725,1168,251,112,0.0016
1271,507,3350,393,196,185,185,0.9440
1272,507,38161,574,728,193,293,0.4630
1273,507,31862,125,785,205,206,0.2506
1274,508,3350,419,870,191,193,0.7421
1275,508,18146,537,237,343,358,0.5349
1276,508,16231,165,262,191,189,0.2386
1277,508,22073,165,262,190,189,0.0809
1278,508,16687,0,0,262,141,0.0044
1279,508,22346,166,261,190,190,0.0010
1280,509,22073,588,780,190,193,0.9592
1281,509,3350,328,166,187,191,0.9543
1282,509,18146,46,606,350,381,0.7708
1283,509,31884,718,1166,258,114,0.0128
1284,511,3482,154,218,245,222,0.9030
1285,511,25366,576,743,391,494,0.8622
1286,511,36636,94,907,277,165,0.7517
1287,511,19860,639,279,221,171,0.4868
1288,515,27776,179,813,175,199,0.8940
1289,515,30307,92,185,425,369,0.8565
1290,515,3482,567,812,266,220,0.8409
1291,515,35205,614,140,223,401,0.8178
1292,515,27732,74,115,310,275,0.0071
1293,516,35205,140,707,241,410,0.9568
1294,516,3482,173,276,261,220,0.9229
1295,516,27776,637,294,176,195,0.8773
1296,516,30307,482,700,436,376,0.8487
1297,517,36636,641,210,192,245,0.8858
1298,517,3482,586,846,286,165,0.8758
1299,517,27652,96,852,223,208,0.7972
1300,517,31884,32,18,376,519,0.4771
1301,518,27652,62,811,225,211,0.9255
1302,518,3482,559,811,288,175,0.8787
1303,518,36636,614,205,187,238,0.8495
1304,518,31884,20,3,358,515,0.5706
1305,519,27652,671,255,220,200,0.8722
1306,519,36636,150,802,195,252,0.8700
1307,519,3482,132,287,276,176,0.8612
1308,519,31884,601,703,375,531,0.5180
1309,519,31884,512,1205,456,73,0.0014
1310,520,28762,615,906,223,214,0.9384
1311,520,27776,640,295,176,195,0.9191
1312,520,3482,176,275,261,220,0.9045
1313,520,29666,127,881,229,228,0.7104
1314,520,3831,127,880,230,229,0.0017
1315,520,30307,127,880,230,229,0.0013
1316,521,28762,147,154,208,200,0.9485
1317,521,27776,142,775,180,204,0.9252
1318,521,3482,536,779,268,225,0.8641
1319,521,29666,602,161,217,214,0.6887
1320,522,28762,163,160,213,201,0.9539
1321,522,27776,176,812,176,200,0.8782
1322,522,3482,564,813,266,221,0.8734
1323,522,29666,632,164,220,214,0.8088
1324,525,16231,141,893,197,193,0.9882
1325,525,28762,635,865,224,214,0.9143
1326,525,27732,564,262,304,264,0.8808
1327,525,3482,122,307,272,200,0.8735
1328,526,3482,151,219,246,222,0.8937
1329,526,30307,550,712,316,471,0.8797
1330,526,16261,100,851,247,241,0.7418
1331,526,19860,639,278,218,170,0.4725
1332,526,33207,104,850,244,240,0.0020
1333,527,3482,600,866,260,232,0.8377
1334,527,16261,638,175,245,233,0.8027
1335,527,19860,126,866,221,168,0.6653
1336,527,30307,141,73,312,466,0.5770
1337,528,16261,611,172,238,228,0.9050
1338,528,30307,129,64,296,448,0.8719
1339,528,3482,572,836,264,232,0.8053
1340,528,19860,91,827,228,177,0.7686
1341,529,22346,107,241,206,197,0.8999
1342,529,3482,602,844,278,190,0.7811
1343,529,25468,53,857,370,219,0.7547
1344,529,20237,618,194,227,218,0.5518
1345,529,16547,105,240,209,198,0.0238
1346,530,22346,680,832,214,206,0.9135
1347,530,3482,127,271,269,191,0.8866
1348,530,20237,139,848,231,229,0.7730
1349,530,25468,572,231,381,218,0.7165
1350,531,22346,90,231,202,194,0.9770
1351,531,25468,12,813,382,221,0.8590
1352,531,3482,574,812,281,193,0.8357
1353,531,20237,590,190,220,213,0.8014
1354,532,19551,123,116,377,425,0.9565
1355,532,2482,600,113,287,446,0.8960
1356,532,5885,612,699,235,509,0.6447
1357,532,3742,73,813,338,329,0.1975
1358,533,19551,116,78,389,429,0.9540
1359,533,5885,599,701,243,487,0.8764
1360,533,2482,617,80,271,453,0.8241
1361,533,3742,73,803,329,317,0.5944
1362,534,19551,449,694,392,437,0.9741
1363,534,3742,534,151,317,305,0.8976
1364,534,2482,56,681,279,456,0.7548
1365,534,5885,100,68,238,476,0.7199
1366,535,36636,675,172,174,253,0.8454
1367,535,3482,602,845,277,188,0.7888
1368,535,25468,85,831,343,300,0.7292
1369,535,31884,83,145,410,506,0.6545
1370,536,31884,68,117,396,505,0.8317
1371,536,3482,573,812,282,194,0.8176
1372,536,25468,51,787,347,301,0.6806
1373,536,36636,645,171,170,244,0.5266
1374,536,29344,645,169,172,252,0.0020
1375,537,3482,127,272,270,191,0.8798
1376,537,25468,576,192,328,283,0.6640
1377,537,31884,517,594,404,524,0.2086
1378,537,36636,132,829,181,260,0.2046
1379,537,16547,129,828,186,267,0.0079
1380,537,29344,129,827,186,267,0.0012
1381,539,20013,7,669,356,345,0.9605
1382,539,3350,320,132,186,190,0.7377
1383,539,38161,594,709,197,303,0.5763
1384,539,31884,706,1173,270,106,0.0043
1385,540,38161,633,807,192,293,0.8581
1386,540,20013,55,753,345,340,0.7699
1387,540,3350,363,190,184,182,0.7529
1388,541,31884,581,653,335,558,0.9321
1389,541,3482,151,218,246,222,0.8965
1390,541,16231,146,899,195,193,0.8153
1391,541,19860,640,278,217,170,0.5188
1392,541,31884,382,1179,538,100,0.0013
1393,542,16231,616,174,188,180,0.8513
1394,542,3482,573,837,263,231,0.7851
1395,542,19860,92,828,227,176,0.7503
1396,542,31884,69,34,314,539,0.5408
1397,542,22346,617,173,187,181,0.0011
1398,543,16231,645,176,192,187,0.9325
1399,543,3482,600,866,261,232,0.8148
1400,543,19860,126,866,220,168,0.6767
1401,543,31884,85,51,323,542,0.4990
1402,543,22346,645,174,190,189,0.0013
1403,545,27776,640,295,176,195,0.9093
1404,545,3482,176,274,262,220,0.9081
1405,545,22346,662,862,216,208,0.8162
1406,545,29666,127,881,229,228,0.7043
1407,545,30307,127,880,230,228,0.0014
1408,545,3831,127,879,230,229,0.0013
1409,546,22346,107,201,202,194,0.9654
1410,546,27776,142,775,181,204,0.9105
1411,546,3482,536,780,267,225,0.8332
1412,546,29666,601,162,218,214,0.7166
1413,547,22346,121,243,207,197,0.9696
1414,547,36636,634,211,183,247,0.8744
1415,547,20876,118,769,329,230,0.8600
1416,547,3482,650,750,211,268,0.8408
1417,548,22346,664,832,212,205,0.9420
1418,548,20876,547,292,326,236,0.8477
1419,548,36636,166,796,189,257,0.7468
1420,548,3482,143,291,212,257,0.6646
1421,551,27652,670,255,219,201,0.9175
1422,551,20237,134,870,230,226,0.9056
1423,551,3482,131,287,276,177,0.8690
1424,551,30307,548,688,387,428,0.8685
1425,552,3482,587,846,287,165,0.8724
1426,552,27652,97,853,225,208,0.7600
1427,552,20237,623,176,225,216,0.6789
1428,552,30307,78,144,384,424,0.6785
1429,552,27732,61,81,299,276,0.0256
1430,553,34596,14,72,415,448,0.8650
1431,553,3482,575,811,280,194,0.8356
1432,553,16231,603,214,184,183,0.8311
1433,553,25468,11,812,384,221,0.8075
1434,555,34596,22,101,429,443,0.9236
1435,555,16231,631,220,190,188,0.8848
1436,555,3482,603,844,277,189,0.7892
1437,555,25468,54,856,370,220,0.7607
1438,555,22346,630,219,191,188,0.0011
1439,560,3482,600,867,261,231,0.8345
1440,560,35205,582,97,288,379,0.7371
1441,560,19860,127,866,220,169,0.6895
1442,560,30307,116,78,275,475,0.5371
1443,564,1899,152,253,196,165,0.9244
1444,564,16550,594,110,292,473,0.7017
1445,564,33008,550,838,373,197,0.6379
1446,564,21770,162,806,190,186,0.0397
1447,564,27776,161,803,191,188,0.0069
1448,564,16547,549,835,376,200,0.0011
1449,565,5093,107,810,285,286,0.9334
1450,565,12080,650,693,246,469,0.7961
1451,565,2482,623,81,225,455,0.6114
1452,565,12777,25,169,408,423,0.0886
1453,569,12777,541,580,292,517,0.8592
1454,569,12080,112,115,224,422,0.8269
1455,569,2482,89,671,256,466,0.4287
1456,569,3742,494,169,314,297,0.1485
1457,569,5093,488,165,315,310,0.0312
1458,571,1899,581,867,211,143,0.8938
1459,571,16550,542,52,302,457,0.8914
1460,571,21025,91,831,181,179,0.8380
1461,571,24849,121,137,180,285,0.3695
1462,571,22346,91,832,181,179,0.0016
1463,572,21025,685,276,178,172,0.9516
1464,572,16550,99,709,328,486,0.6777
1465,572,1899,189,273,202,138,0.6576
1466,572,24849,672,828,192,303,0.4264
1467,573,1899,609,898,208,139,0.8611
1468,573,16550,567,63,313,468,0.8599
1469,573,21025,124,864,181,178,0.4932
1470,573,24849,137,143,186,292,0.0531
1471,573,22346,123,865,182,177,0.0037
1472,574,3742,114,827,327,322,0.9149
1473,574,13394,630,677,228,494,0.8360
1474,574,2482,672,81,206,481,0.8221
1475,574,22626,90,176,312,482,0.5516
1476,575,13394,87,81,227,487,0.8232
1477,575,2482,61,646,203,489,0.8007
1478,575,22626,534,550,310,486,0.7777
1479,575,3742,497,128,313,303,0.4902
1480,575,16687,747,1157,229,123,0.0052
1481,576,3742,116,838,335,335,0.9132
1482,576,2482,661,114,213,475,0.8158
1483,576,22626,97,208,308,481,0.7589
1484,576,13394,638,677,239,518,0.7486
1485,577,19606,140,788,159,156,0.9950
1486,577,33008,520,790,379,209,0.9580
1487,577,16550,539,72,353,424,0.8956
1488,577,1899,135,246,193,156,0.8735
1489,577,16547,520,791,378,209,0.0025
1490,578,19606,662,332,156,151,0.9905
1491,578,33008,85,256,369,209,0.8790
1492,578,1899,642,858,206,167,0.8269
1493,578,16550,48,725,384,448,0.6093
1494,578,16547,87,256,366,209,0.0064
1495,579,19606,172,823,158,154,0.9924
1496,579,1899,151,254,199,159,0.9377
1497,579,16550,565,79,364,436,0.7597
1498,579,33008,550,838,372,197,0.6631
1499,579,16547,550,836,377,200,0.0014
1500,581,33008,84,254,370,211,0.9139
1501,581,1899,645,854,202,173,0.9083
1502,581,16547,104,905,243,240,0.6508
1503,581,24849,647,206,177,275,0.3560
1504,581,16547,87,254,368,210,0.3053
1505,583,19551,469,635,331,489,0.9434
1506,583,5093,550,189,268,261,0.8264
1507,583,5885,116,81,231,477,0.6660
1508,583,2482,72,693,251,467,0.5707
1509,584,2482,610,86,258,459,0.7807
1510,584,5093,115,816,281,283,0.7792
1511,584,19551,146,117,330,482,0.7107
1512,584,5885,609,686,241,506,0.0298
1513,584,2482,610,688,240,504,0.0206
1514,586,28762,148,199,206,196,0.9553
1515,586,3482,574,813,281,194,0.8169
1516,586,25468,51,787,346,301,0.6545
1517,586,36636,646,170,170,245,0.5184
1518,586,27732,645,167,174,252,0.0017
1519,586,29344,645,168,173,251,0.0016
1520,586,21324,645,167,173,252,0.0012
1521,587,28762,615,858,221,214,0.9588
1522,587,3482,128,271,269,191,0.8948
1523,587,25468,575,191,328,283,0.6892
1524,587,36636,131,829,181,263,0.0650
1525,587,16547,128,828,185,267,0.0149
1526,587,16231,129,827,185,267,0.0027
1527,588,28762,165,206,212,202,0.9644
1528,588,36636,675,173,174,252,0.7965
1529,588,3482,603,845,277,188,0.7820
1530,588,25468,86,831,341,300,0.7464
1531,589,25366,29,115,343,493,0.8672
1532,589,16261,638,176,245,233,0.8609
1533,589,3482,600,867,261,230,0.8420
1534,589,19860,127,866,220,168,0.6616
1535,591,25366,629,644,347,509,0.8986
1536,591,3482,151,218,246,222,0.8961
1537,591,16261,100,851,246,240,0.6520
1538,591,19860,637,278,222,171,0.4766
1539,591,33207,104,851,243,240,0.0077
1540,592,28762,649,901,223,215,0.9807
1541,592,3482,153,218,246,221,0.9204
1542,592,29666,118,844,232,227,0.6999
1543,592,19860,640,277,220,172,0.4937
1544,592,3831,117,844,231,227,0.0011
1545,593,28762,112,161,209,196,0.9824
1546,593,29666,610,194,219,214,0.8650
1547,593,3482,571,839,263,230,0.8065
1548,593,19860,88,828,227,176,0.7752
1549,594,28762,129,164,213,203,0.9702
1550,594,3482,598,867,261,232,0.8396
1551,594,29666,639,200,224,214,0.7080
1552,594,19860,124,866,221,168,0.6960
1553,595,16231,649,290,192,190,0.9376
1554,595,3350,399,866,191,193,0.5546
1555,595,32309,108,221,252,337,0.1396
1556,595,3831,0,0,278,133,0.0029
1557,595,3742,0,0,285,126,0.0014
1558,595,3831,681,0,295,136,0.0013
1559,595,35205,680,0,296,133,0.0012
1560,596,3350,352,162,178,184,0.8511
1561,596,16231,81,735,198,197,0.2842
1562,596,32309,576,619,266,368,0.0468
1563,596,6191,806,0,170,123,0.0023
1564,598,33879,548,196,309,416,0.9248
1565,598,36636,172,335,182,254,0.7923
1566,598,3350,401,874,191,192,0.5745
1567,600,33879,109,683,316,435,0.9683
1568,600,36636,624,722,182,260,0.9415
1569,600,3350,388,228,183,180,0.8830
1570,601,16261,151,801,250,243,0.9167
1571,601,31884,500,637,459,483,0.8847
1572,601,3482,123,306,271,201,0.8800
1573,601,27732,565,263,302,264,0.8779
1574,602,27732,85,727,323,281,0.9225
1575,602,3482,579,758,275,211,0.9153
1576,602,16261,562,219,239,228,0.8748
1577,602,31884,42,110,437,471,0.8590
1578,603,3482,607,791,275,210,0.9536
1579,603,27732,122,768,315,273,0.8393
1580,603,16261,590,228,243,229,0.8208
1581,603,31884,52,140,459,470,0.6887
1582,605,28762,147,249,211,203,0.9276
1583,605,3482,587,845,286,166,0.8666
1584,605,36636,642,209,190,245,0.8545
1585,605,27652,97,853,223,207,0.8026
1586,608,33879,45,608,320,445,0.9447
1587,608,29666,589,723,231,232,0.8246
1588,608,3350,340,191,187,188,0.7993
1589,608,31884,717,1171,259,109,0.0025
1590,610,16231,619,222,188,183,0.9462
1591,610,27652,62,810,225,211,0.9222
1592,610,34596,1,103,394,447,0.8987
1593,610,3482,558,810,287,176,0.8756
1594,610,22346,621,221,187,184,0.0013
1595,611,16231,143,847,196,193,0.9780
1596,611,3482,132,288,277,176,0.8923
1597,611,34596,579,657,397,461,0.8770
1598,611,27652,671,256,220,199,0.8575
1599,612,16231,648,231,192,182,0.9161
1600,612,34596,2,137,414,443,0.8931
1601,612,3482,586,846,286,165,0.8741
1602,612,27652,96,852,224,207,0.7848
1603,612,22346,647,229,194,183,0.0020
1604,614,22073,635,727,187,193,0.8705
1605,614,3350,347,155,185,188,0.5881
1606,614,19231,163,653,245,356,0.5561
1607,614,3350,165,663,240,336,0.0045
1608,615,19231,208,756,239,351,0.8533
1609,615,3350,389,214,184,181,0.8070
1610,615,22073,673,821,186,188,0.7087
1611,615,3350,210,770,227,326,0.0053
1612,616,16231,145,899,195,192,0.9379
1613,616,3482,152,219,245,221,0.8978
1614,616,28762,631,886,221,216,0.8248
1615,616,19860,639,278,217,170,0.4666
1616,616,22346,144,897,196,195,0.0025
1617,617,28762,148,180,212,199,0.9615
1618,617,16231,646,176,192,186,0.9481
1619,617,3482,599,867,261,231,0.8376
1620,617,19860,126,866,221,169,0.6836
1621,617,22346,645,174,191,188,0.0017
1622,618,16231,617,174,188,180,0.9545
1623,618,28762,130,173,210,197,0.9503
1624,618,3482,572,838,264,229,0.8576
1625,618,19860,91,828,229,177,0.7603
1626,618,22346,617,172,187,181,0.0024
1627,620,22361,84,78,247,388,0.9512
1628,620,5093,522,152,267,263,0.8157
1629,620,2482,83,642,202,492,0.7746
1630,620,23222,548,640,294,510,0.2630
1631,621,23222,93,64,299,497,0.9263
1632,621,2482,650,86,198,480,0.8055
1633,621,5093,138,849,276,271,0.7908
1634,621,22361,610,779,251,406,0.7324
1635,622,41767,128,293,263,296,0.9591
1636,622,3350,395,889,193,192,0.8261
1637,622,16231,609,291,191,189,0.6968
1638,622,22346,610,289,192,191,0.0059
1639,623,3350,349,148,189,191,0.4412
1640,623,41767,556,631,268,309,0.3567
1641,623,22073,126,746,190,196,0.1450
1642,623,36636,548,633,273,304,0.0041
1643,624,3350,392,208,186,184,0.9133
1644,624,41767,600,721,261,311,0.6859
1645,624,22073,169,840,186,185,0.1749
1646,624,16231,169,840,187,185,0.0744
1647,625,30307,501,700,423,398,0.9425
1648,625,16261,151,804,249,241,0.9295
1649,625,3482,123,306,272,201,0.8854
1650,625,27732,564,263,303,264,0.8821
1651,627,27732,86,727,321,281,0.9343
1652,627,30307,74,145,400,384,0.9066
1653,627,3482,579,759,275,211,0.8966
1654,627,16261,563,219,237,228,0.8857
1655,628,16231,141,893,197,193,0.9884
1656,628,27732,564,262,303,264,0.9003
1657,628,3482,123,306,271,201,0.8827
1658,628,22346,676,850,214,209,0.8667
1659,628,22346,141,891,197,196,0.0011
1660,632,23222,501,609,300,500,0.9033
1661,632,25437,550,183,245,250,0.8809
1662,632,2482,67,666,208,484,0.8499
1663,632,5885,121,83,230,477,0.6597
1664,633,23222,138,137,293,494,0.8803
1665,633,25437,130,847,262,267,0.8463
1666,633,2482,656,97,196,470,0.8156
1667,633,5885,603,685,243,506,0.1104
1668,635,33877,616,792,168,221,0.7218
1669,635,16547,71,752,238,233,0.5770
1670,635,4542,612,154,204,199,0.5360
1671,635,3543,182,198,204,198,0.1918
1672,636,3543,583,857,217,215,0.9464
1673,636,4542,134,904,212,211,0.7555
1674,636,16547,655,278,230,224,0.6695
1675,636,33877,194,256,159,213,0.3854
1676,637,2482,601,111,285,448,0.8796
1677,637,5885,612,696,235,511,0.5872
1678,637,3742,73,813,338,330,0.1590
1679,637,6191,53,199,472,338,0.0331
1680,637,22361,56,199,463,335,0.0044
1681,638,5885,599,700,244,490,0.8904
1682,638,2482,618,81,272,452,0.8269
1683,638,3742,73,802,328,318,0.5555
1684,638,33879,47,162,481,342,0.0215
1685,638,6191,48,162,480,341,0.0147
1686,638,22361,49,162,473,340,0.0055
1687,638,25468,51,163,479,343,0.0022
1688,640,3831,483,287,411,337,0.9610
1689,640,3350,406,919,190,192,0.3810
1690,640,3350,96,300,225,222,0.2345
1691,640,16687,673,0,303,126,0.0048
1692,640,33879,93,296,232,223,0.0045
1693,641,20237,617,708,233,229,0.9287
1694,641,3350,342,126,186,187,0.8472
1695,641,3831,42,579,408,349,0.2413
1696,641,16687,699,1153,277,127,0.0533
1697,641,30307,698,1161,278,119,0.0075
1698,641,31884,701,1154,275,126,0.0051
1699,644,13394,74,88,234,482,0.8779
1700,644,6191,507,605,269,539,0.7789
1701,644,2482,61,650,205,487,0.7705
1702,644,3742,485,122,313,304,0.4613
1703,644,5093,476,120,327,311,0.0015
1704,646,3482,175,275,261,221,0.9338
1705,646,27776,638,295,176,195,0.8764
1706,646,34596,399,631,463,431,0.8365
1707,646,36636,130,826,192,256,0.7604
1708,647,27776,179,813,176,199,0.8762
1709,647,36636,664,181,187,246,0.8649
1710,647,3482,566,813,265,220,0.8574
1711,647,34596,144,194,449,412,0.6710
1712,648,27776,145,776,179,205,0.9231
1713,648,36636,634,178,184,242,0.8181
1714,648,3482,538,779,267,225,0.7992
1715,648,34596,124,159,442,421,0.7472
1716,650,3350,369,176,182,185,0.9274
1717,650,32309,0,707,311,313,0.3625
1718,650,21324,558,824,282,168,0.2182
1719,650,36636,557,824,279,169,0.0273
1720,650,6191,804,0,172,123,0.0033
1721,650,2482,0,1226,173,54,0.0012
1722,650,16687,684,1158,292,122,0.0010
1723,652,24849,115,842,302,169,0.9481
1724,652,1899,125,258,199,149,0.8117
1725,652,31704,601,695,251,453,0.8050
1726,652,16550,565,66,285,462,0.6269
1727,652,36636,605,742,250,393,0.0011
1728,653,24849,548,266,292,165,0.9235
1729,653,31704,131,129,243,419,0.8912
1730,653,16550,92,694,308,485,0.7552
1731,653,1899,647,857,209,157,0.4041
1732,653,12246,647,855,209,158,0.0065
1733,653,27992,647,855,209,158,0.0023
1734,654,31704,625,734,251,446,0.9729
1735,654,24849,148,880,301,162,0.9263
1736,654,1899,142,267,204,149,0.8575
1737,654,16550,589,78,297,469,0.4697
1738,656,3543,149,190,208,201,0.8366
1739,656,16550,541,184,417,383,0.7687
1740,656,6562,190,709,216,359,0.7316
1741,656,33877,630,851,224,136,0.0138
1742,656,33008,630,850,223,135,0.0105
1743,656,16547,630,851,223,134,0.0037
1744,658,29450,497,821,400,267,0.8612
1745,658,1899,166,248,185,180,0.7409
1746,658,16550,633,15,285,479,0.6809
1747,658,18109,78,790,309,289,0.6634
1748,659,29450,467,785,405,268,0.9616
1749,659,18109,43,747,312,301,0.8774
1750,659,16550,606,10,274,467,0.8304
1751,659,1899,148,240,184,180,0.7897
1752,660,29450,115,216,392,260,0.9592
1753,660,18109,610,225,304,288,0.9343
1754,660,1899,643,847,189,189,0.8967
1755,660,16550,63,744,294,503,0.7526
1756,661,31862,177,303,209,206,0.9741
1757,661,3350,376,878,192,192,0.8476
1758,661,16231,685,293,194,189,0.3570
1759,662,16231,43,746,196,191,0.9552
1760,662,31862,555,726,209,213,0.9447
1761,662,3350,369,160,186,190,0.4798
1762,662,36636,555,725,210,214,0.0015
1763,662,31884,713,1174,263,106,0.0015
1764,664,28762,630,874,223,212,0.9095
1765,664,20876,546,293,326,235,0.8292
1766,664,36636,166,797,189,258,0.7662
1767,664,3482,142,292,212,255,0.6783
1768,665,28762,130,183,211,201,0.9347
1769,665,3482,625,718,210,272,0.8992
1770,665,20876,87,726,330,242,0.8989
1771,665,36636,605,206,179,240,0.6355
1772,665,27732,605,202,181,247,0.0011
1773,667,25437,122,821,254,253,0.8371
1774,667,12080,647,706,243,446,0.7510
1775,667,22626,24,146,477,273,0.7330
1776,667,2482,583,124,291,439,0.6143
1777,668,12080,67,122,227,421,0.8665
1778,668,2482,70,653,298,450,0.8474
1779,668,25437,557,195,246,252,0.8240
1780,668,22626,428,779,489,292,0.1698
1781,670,35205,136,728,244,410,0.9448
1782,670,3482,126,272,271,191,0.8881
1783,670,22346,680,846,217,209,0.7985
1784,670,25468,575,191,329,282,0.6815
1785,672,22346,106,226,206,197,0.9697
1786,672,35205,616,119,227,401,0.8720
1787,672,3482,603,845,277,188,0.7965
1788,672,25468,87,831,340,301,0.7442
1789,674,16547,153,890,240,239,0.9755
1790,674,27925,599,160,258,451,0.8583
1791,674,1899,633,894,210,135,0.7262
1792,674,44198,137,291,284,150,0.0299
1793,674,16547,136,292,286,149,0.0042
1794,674,3350,137,292,287,149,0.0013
1795,675,44198,552,832,292,148,0.9813
1796,675,16547,565,135,231,225,0.9398
1797,675,1899,139,240,199,128,0.8456
1798,675,27925,98,614,268,486,0.4904
1799,675,22346,561,835,280,147,0.0010
1800,677,16550,617,14,300,453,0.8444
1801,677,1899,142,241,198,127,0.8331
1802,677,18109,13,692,312,299,0.7825
1803,677,27925,571,628,256,493,0.2858
1804,679,5093,109,811,284,284,0.9167
1805,679,2482,612,92,207,467,0.8852
1806,679,22626,134,176,336,457,0.7670
1807,679,4377,600,703,223,467,0.6213
1808,680,5093,550,192,271,266,0.8643
1809,680,2482,87,679,235,478,0.6387
1810,680,4377,139,110,212,435,0.5734
1811,680,22626,473,605,341,471,0.4203
1812,680,35205,728,1177,248,103,0.0013
1813,680,35205,0,1212,189,68,0.0011
1814,681,2482,617,50,223,485,0.9240
1815,681,5093,104,798,278,278,0.8874
1816,681,4377,593,702,214,450,0.4994
1817,681,22626,131,130,342,471,0.4745
1818,681,2482,953,12,23,512,0.0023
1819,684,29344,577,718,323,423,0.9412
1820,684,1899,182,267,129,199,0.9255
1821,684,18109,78,766,308,288,0.8408
1822,684,16550,525,89,368,431,0.7393
1823,685,25437,119,820,253,253,0.8152
1824,685,12080,645,708,241,446,0.7903
1825,685,2482,587,128,287,437,0.7730
1826,685,6191,94,16,297,518,0.1502
1827,688,27732,85,727,322,282,0.9369
1828,688,3482,579,758,275,212,0.8990
1829,688,20237,613,187,221,214,0.8825
1830,688,34596,101,185,452,400,0.7100
1831,692,22346,657,837,214,207,0.8839
1832,692,3482,132,286,277,177,0.8738
1833,692,27652,671,256,220,200,0.8689
1834,692,35205,106,688,201,418,0.6235
1835,694,3350,402,851,189,191,0.9095
1836,694,19231,504,240,326,253,0.8153
1837,694,35205,158,277,254,388,0.1259
1838,697,38161,141,263,225,262,0.9745
1839,697,18356,603,205,240,341,0.7850
1840,697,3350,403,855,191,192,0.7321
1841,697,3831,660,0,316,132,0.0015
1842,697,3831,0,0,285,137,0.0014
1843,698,3350,345,173,183,186,0.9913
1844,698,38161,573,679,237,282,0.9806
1845,698,18356,78,633,252,371,0.6450
1846,698,6191,816,0,160,139,0.0028
1847,698,16687,0,1197,189,83,0.0024
1848,700,16231,616,174,188,180,0.8851
1849,700,30307,74,134,383,393,0.7793
1850,700,3482,572,838,264,230,0.7776
1851,700,19860,92,827,227,177,0.7642
1852,701,16231,646,176,192,186,0.9375
1853,701,3482,600,866,261,231,0.8572
1854,701,19860,127,866,220,168,0.6728
1855,701,30307,87,151,397,403,0.2749
1856,702,3482,152,218,245,222,0.8949
1857,702,30307,515,697,405,415,0.8909
1858,702,16231,145,899,195,193,0.8766
1859,702,19860,636,279,221,170,0.4184
1860,705,22346,121,199,207,198,0.8751
1861,705,3482,594,871,257,233,0.8232
1862,705,19860,118,865,222,169,0.7819
1863,705,29666,639,205,224,215,0.7799
1864,705,16547,120,197,209,202,0.0054
1865,706,12777,73,129,343,477,0.8964
1866,706,2482,610,85,257,461,0.7922
1867,706,5093,113,817,283,282,0.7782
1868,706,5885,608,687,243,507,0.0792
1869,706,35205,0,0,317,121,0.0018
1870,707,12777,537,633,354,496,0.9399
1871,707,5093,550,189,268,262,0.8282
1872,707,2482,71,693,249,467,0.6497
1873,707,5885,117,81,230,475,0.6110
1874,708,12777,68,88,346,481,0.8830
1875,708,2482,626,54,246,466,0.8770
1876,708,5885,598,688,236,486,0.8718
1877,708,5093,113,807,272,273,0.7542
1878,710,28762,158,233,208,200,0.9540
1879,710,27732,85,729,322,280,0.9200
1880,710,3482,578,758,277,211,0.8975
1881,710,16261,562,219,238,228,0.6625
1882,712,2482,628,100,224,470,0.9167
1883,712,13394,644,677,239,516,0.8535
1884,712,12777,104,110,292,537,0.8397
1885,712,5093,135,844,284,286,0.8091
1886,713,12777,548,601,283,525,0.9324
1887,713,5093,525,164,266,261,0.8522
1888,713,13394,81,81,231,484,0.8455
1889,713,2482,83,661,211,485,0.1564
1890,713,35205,712,1169,264,111,0.0018
1891,713,35205,705,1202,265,78,0.0017
1892,713,33879,735,1160,241,120,0.0013
1893,714,2482,640,65,216,484,0.9116
1894,714,12777,103,91,294,517,0.8729
1895,714,13394,634,678,231,492,0.7901
1896,714,5093,133,832,278,277,0.7594
1897,716,2482,586,113,231,459,0.9174
1898,716,3742,119,798,335,329,0.8905
1899,716,12080,610,718,242,465,0.7517
1900,716,19551,100,138,320,491,0.5748
1901,717,19551,524,607,323,495,0.9295
1902,717,12080,112,114,224,424,0.8171
1903,717,2482,90,670,252,468,0.4890
1904,717,3742,494,168,314,298,0.2191
1905,717,5093,488,165,316,312,0.0200
1906,717,33879,737,1163,239,117,0.0012
1907,719,16547,553,182,231,226,0.9002
1908,719,1899,124,261,199,146,0.8601
1909,719,31704,606,691,254,452,0.7535
1910,719,21770,92,810,194,190,0.1346
1911,719,3543,91,810,195,190,0.0215
1912,720,21770,674,287,188,182,0.9691
1913,720,16547,167,842,240,237,0.9677
1914,720,31704,124,134,243,419,0.8752
1915,720,1899,648,856,209,156,0.5084
1916,720,12246,649,855,210,157,0.0047
1917,720,27992,649,855,209,157,0.0016
1918,721,27732,86,727,321,282,0.9316
1919,721,3482,580,759,276,210,0.9145
1920,721,31884,67,165,447,463,0.8802
1921,721,35205,569,120,251,378,0.7731
1922,724,3543,133,177,203,200,0.9502
1923,724,16547,107,735,237,234,0.8853
1924,724,31704,576,677,252,452,0.6624
1925,724,10220,580,167,217,214,0.6549
1926,724,36636,579,709,242,400,0.0013
1927,725,3543,635,885,215,213,0.9431
1928,725,31704,145,147,255,422,0.8925
1929,725,10220,152,873,229,227,0.8687
1930,725,16547,619,300,231,228,0.8423
1931,726,16547,140,776,235,226,0.9902
1932,726,3543,148,183,210,202,0.8896
1933,726,31704,602,712,254,447,0.8446
1934,726,10220,607,171,222,217,0.5589
1935,727,25366,41,157,405,445,0.8704
1936,727,16231,603,214,184,182,0.8190
1937,727,3482,574,811,281,194,0.8144
1938,727,25468,12,813,383,221,0.7803
1939,728,16231,632,221,189,187,0.9104
1940,728,25366,50,177,425,451,0.8833
1941,728,25468,55,856,369,220,0.8000
1942,728,3482,603,844,277,189,0.7911
1943,728,22346,630,220,190,188,0.0027
1944,731,16547,119,769,240,232,0.8955
1945,731,29870,604,771,205,224,0.8686
1946,731,3543,102,162,204,198,0.5875
1947,731,4542,611,142,204,198,0.2914
1948,731,19606,604,772,205,225,0.0033
1949,731,22346,603,771,207,227,0.0024
1950,732,3543,669,897,213,215,0.9195
1951,732,16547,608,266,229,222,0.8647
1952,732,29870,168,278,204,212,0.8192
1953,732,4542,133,915,213,213,0.6199
1954,738,31704,139,644,252,450,0.8484
1955,738,1899,89,259,201,127,0.8091
1956,738,16550,586,90,289,462,0.7750
1957,738,44198,606,769,169,287,0.7161
1958,740,31704,134,129,242,418,0.9074
1959,740,1899,645,830,170,200,0.8914
1960,740,16547,121,804,240,236,0.6888
1961,740,19606,657,273,155,149,0.0894
1962,740,22346,657,273,155,149,0.0858
1963,740,16231,657,273,155,148,0.0021
1964,742,2482,89,674,240,471,0.8046
1965,742,25437,568,186,246,254,0.7998
1966,742,4377,81,106,214,430,0.7675
1967,742,6191,570,541,277,530,0.2686
1968,742,35205,727,1163,249,117,0.0011
1969,743,2482,620,74,231,464,0.9168
1970,743,25437,110,829,254,253,0.7903
1971,743,4377,642,704,224,455,0.7521
1972,743,6191,95,133,281,530,0.3078
1973,745,3350,351,893,192,193,0.9280
1974,745,16261,663,271,237,229,0.8996
1975,745,32309,114,183,228,356,0.1068
1976,745,3831,0,0,297,136,0.0026
1977,745,3831,656,0,320,140,0.0021
1978,745,35205,655,0,321,135,0.0020
1979,745,35205,641,0,327,87,0.0013
1980,747,3350,437,192,184,184,0.9844
1981,747,32309,639,735,233,392,0.9521
1982,747,16261,64,800,239,236,0.6534
1983,750,29344,585,132,276,410,0.9641
1984,750,1899,688,806,130,208,0.7875
1985,750,16547,148,789,240,237,0.6997
1986,750,44198,175,200,164,269,0.3051
1987,752,27992,548,780,310,240,0.9947
1988,752,3543,91,197,205,199,0.8073
1989,752,16547,559,138,229,224,0.6982
1990,752,6562,166,674,219,364,0.6889
1991,754,3831,629,762,225,221,0.9868
1992,754,29666,631,763,223,221,0.8694
1993,754,3831,87,654,371,380,0.5526
1994,754,3350,374,198,182,181,0.0273
1995,754,5093,93,679,375,358,0.0032
1996,754,3831,0,0,191,80,0.0029
1997,754,30307,0,0,182,83,0.0019
1998,754,3482,374,195,183,185,0.0019
1999,756,3831,513,257,371,377,0.9586
2000,756,29666,126,320,226,223,0.9159
2001,756,3350,418,891,187,190,0.4668
2002,756,5093,519,285,348,345,0.0027
2003,756,16550,0,0,273,114,0.0013
2004,758,31884,558,663,346,548,0.9464
2005,758,3482,153,217,246,222,0.9055
2006,758,36636,94,907,278,166,0.7618
2007,758,19860,640,278,219,170,0.4513
2008,759,36636,591,195,258,156,0.9246
2009,759,31884,78,31,323,530,0.8668
2010,759,3482,571,837,262,232,0.7902
2011,759,19860,89,827,228,177,0.7880
2012,760,29344,88,709,292,444,0.9674
2013,760,33207,656,805,214,204,0.7989
2014,760,1899,160,259,127,199,0.7870
2015,760,16547,581,203,231,224,0.7854
2016,761,16547,610,212,238,225,0.9819
2017,761,29344,127,751,283,437,0.9743
2018,761,1899,180,269,128,199,0.9313
2019,761,33207,682,836,213,202,0.6182
2020,763,3482,123,307,271,201,0.8880
2021,763,20237,113,855,232,227,0.8796
2022,763,27732,564,263,303,264,0.8587
2023,763,31884,498,644,462,477,0.8523
2024,763,31884,374,1123,576,157,0.0015
2025,764,3482,608,791,274,210,0.9508
2026,764,27732,122,768,315,272,0.8416
2027,764,20237,642,191,226,216,0.7298
2028,764,31884,53,138,458,466,0.5835
2029,766,34596,567,730,407,475,0.8981
2030,766,20876,546,294,326,235,0.8253
2031,766,36636,166,796,190,259,0.7481
2032,766,3482,143,291,212,257,0.6390
2033,766,31704,164,797,193,259,0.0012
2034,766,34596,411,1172,564,108,0.0011
2035,768,34596,10,21,402,458,0.9051
2036,768,20876,86,725,330,241,0.8817
2037,768,3482,624,719,210,272,0.8688
2038,768,36636,604,206,180,244,0.7791
2039,772,31704,171,687,251,442,0.9142
2040,772,16550,554,81,290,479,0.8411
2041,772,33207,639,879,209,199,0.7478
2042,772,1899,106,270,204,124,0.7302
2043,773,31704,139,642,251,452,0.8230
2044,773,16550,528,73,281,468,0.8122
2045,773,1899,89,259,202,127,0.7895
2046,773,33207,613,847,212,204,0.4915
2047,778,16231,631,220,190,187,0.8819
2048,778,3482,603,845,276,188,0.8009
2049,778,25468,52,857,372,219,0.7586
2050,778,30307,84,170,404,399,0.7294
2051,778,27732,77,131,281,261,0.0032
2052,779,3482,127,272,269,191,0.8873
2053,779,16231,163,855,195,192,0.8499
2054,779,25468,571,232,380,218,0.7455
2055,779,30307,516,684,414,405,0.6000
2056,780,3482,575,811,280,194,0.8143
2057,780,16231,604,214,184,182,0.8098
2058,780,25468,11,812,384,222,0.7619
2059,780,30307,70,147,392,395,0.7346
2060,780,27732,68,105,264,259,0.0018
2061,782,22073,586,728,188,196,0.9687
2062,782,20013,6,625,353,344,0.8912
2063,782,3350,339,182,186,190,0.5739
2064,782,31884,716,1156,260,124,0.0019
2065,785,25366,542,690,394,491,0.9027
2066,785,27652,671,256,219,200,0.8896
2067,785,3482,132,288,276,176,0.8746
2068,785,35205,106,688,203,418,0.6098
2069,785,30307,426,1177,517,103,0.0017
2070,787,3482,152,219,245,221,0.8960
2071,787,20237,112,857,229,226,0.5205
2072,787,19860,639,278,218,170,0.4938
2073,787,31884,537,655,350,512,0.3618
2074,787,34596,535,655,355,512,0.3375
2075,787,31884,367,1165,539,115,0.0025
2076,787,16231,111,857,232,225,0.0012
2077,788,20237,615,185,219,214,0.8711
2078,788,31884,98,62,338,497,0.7968
2079,788,3482,572,837,263,231,0.7842
2080,788,19860,92,827,228,177,0.7535
2081,797,27992,494,854,337,162,0.9903
2082,797,3543,146,191,205,199,0.9155
2083,797,4542,603,188,202,198,0.5989
2084,797,16550,42,530,307,475,0.5095
2085,797,1899,495,858,335,159,0.0026
2086,798,27992,523,889,333,159,0.9888
2087,798,3543,162,199,209,200,0.8437
2088,798,4542,630,193,209,200,0.6742
2089,798,16550,69,581,311,467,0.5655
2090,799,28762,170,179,212,201,0.9368
2091,799,20237,643,189,227,216,0.8396
2092,799,3482,599,867,261,231,0.8362
2093,799,19860,127,866,220,168,0.6682
2094,807,3482,160,214,244,223,0.9404
2095,807,25366,612,709,317,523,0.8615
2096,807,29666,118,840,233,227,0.7689
2097,807,19860,645,279,222,171,0.5193
2098,807,3831,119,839,230,227,0.0016
2099,808,3543,109,207,208,200,0.8002
2100,808,6562,193,709,217,358,0.7187
2101,808,16550,631,825,177,241,0.4356
2102,808,16550,613,50,335,456,0.4049
2103,808,29870,632,824,176,242,0.2210
2104,808,3543,631,825,175,242,0.0024
2105,810,3543,93,199,203,197,0.9235
2106,810,16550,587,43,325,440,0.7891
2107,810,6562,161,667,220,364,0.7472
2108,810,29870,604,789,178,248,0.7119
2109,810,3543,603,787,177,255,0.0077
2110,815,3350,363,170,181,184,0.9514
2111,815,20237,99,712,230,228,0.9332
2112,815,32309,519,613,279,360,0.4029
2113,815,16687,0,1180,215,100,0.0526
2114,815,16687,0,1130,212,150,0.0059
2115,815,3831,802,0,174,138,0.0025
2116,815,6191,812,0,164,142,0.0014
2117,815,16687,638,1138,334,142,0.0014
2118,815,16687,0,1036,191,244,0.0014
2119,817,16231,649,231,191,182,0.8934
2120,817,3482,586,846,286,165,0.8760
2121,817,27652,96,852,223,208,0.7990
2122,817,30307,96,157,381,418,0.6166
2123,817,27732,83,92,287,287,0.0295
2124,817,22346,648,230,193,183,0.0038
2125,817,27732,65,74,336,263,0.0011
2126,818,16231,143,846,196,193,0.9736
2127,818,27652,672,256,219,199,0.8746
2128,818,3482,132,288,277,176,0.8638
2129,818,30307,527,675,389,430,0.3887
2130,819,16231,620,222,188,182,0.9304
2131,819,27652,62,810,224,211,0.9073
2132,819,3482,558,811,288,175,0.8723
2133,819,30307,81,137,369,411,0.8301
2134,819,27732,75,85,273,275,0.0023
2135,819,22346,622,221,186,184,0.0014
2136,820,19551,488,643,334,487,0.9555
2137,820,3742,482,150,315,305,0.8933
2138,820,2482,95,692,212,489,0.8737
2139,820,4377,137,111,219,432,0.7413
2140,822,19551,130,110,329,482,0.8609
2141,822,3742,129,814,339,330,0.7354
2142,822,4377,597,705,231,465,0.6303
2143,822,2482,623,74,192,466,0.4311
2144,826,18146,539,321,307,385,0.9536
2145,826,3350,407,862,192,191,0.7398
2146,826,38161,178,206,247,256,0.0696
2147,826,16687,0,0,304,145,0.0024
2148,828,38161,552,864,250,251,0.9785
2149,828,3350,383,238,183,182,0.9371
2150,828,18146,125,577,310,406,0.8394
2151,829,27776,145,776,179,204,0.9225
2152,829,3482,538,779,267,225,0.8386
2153,829,28762,97,168,208,200,0.7598
2154,829,36636,638,177,180,243,0.6943
2155,830,28762,666,892,224,212,0.9118
2156,830,3482,174,275,262,221,0.8982
2157,830,27776,638,294,176,195,0.8750
2158,830,36636,129,828,193,254,0.7833
2159,831,36636,666,181,187,246,0.9094
2160,831,27776,178,814,175,198,0.8667
2161,831,3482,566,812,266,221,0.8504
2162,831,28762,113,176,212,201,0.8425
2163,832,16547,608,163,234,225,0.9833
2164,832,1899,623,887,208,142,0.8491
2165,832,21025,137,867,180,177,0.5538
2166,832,18109,61,124,303,290,0.1373
2167,832,22346,137,868,180,176,0.0020
2168,832,19860,137,869,181,176,0.0010
2169,838,16547,594,163,228,224,0.9841
2170,838,1899,141,241,199,128,0.8486
2171,838,33207,588,801,214,206,0.8403
2172,838,27925,91,615,270,484,0.4510
2173,842,16261,152,803,249,242,0.9111
2174,842,27732,565,263,302,264,0.8755
2175,842,3482,124,307,271,201,0.8754
2176,842,34596,468,670,468,427,0.7958
2177,851,22626,108,157,310,487,0.7612
2178,851,2482,630,101,201,471,0.7414
2179,851,3742,121,837,334,336,0.6004
2180,851,22361,611,737,269,419,0.5202
2181,851,5093,117,837,337,340,0.0040
2182,855,12777,90,141,306,520,0.8954
2183,855,3742,130,814,337,331,0.8030
2184,855,4377,598,705,230,465,0.6260
2185,855,2482,622,75,193,463,0.4723
2186,857,31862,575,746,208,211,0.9321
2187,857,16261,92,679,246,244,0.9127
2188,857,3350,339,133,183,188,0.4547
2189,858,16261,135,770,244,238,0.9496
2190,858,3350,380,191,185,183,0.9287
2191,858,31862,614,835,206,206,0.8058
2192,861,19551,72,98,344,463,0.9346
2193,861,2482,567,149,306,439,0.8786
2194,861,12080,656,706,255,468,0.8619
2195,861,25437,123,833,262,266,0.7650
2196,862,34596,76,133,448,419,0.8880
2197,862,36636,674,174,174,253,0.7751
2198,862,3482,602,846,278,188,0.7700
2199,862,25468,85,831,342,300,0.7595
2200,864,34596,62,105,440,422,0.8447
2201,864,3482,574,812,281,194,0.8132
2202,864,25468,50,786,348,301,0.6554
2203,864,36636,645,171,170,243,0.5563
2204,864,29344,645,168,172,252,0.0026
2205,866,3350,306,173,185,189,0.9318
2206,866,16687,30,524,444,587,0.2668
2207,866,35205,476,559,394,376,0.0971
2208,866,31884,474,557,394,376,0.0015
2209,867,3350,348,233,184,183,0.9733
2210,867,16687,69,625,438,588,0.6076
2211,867,35205,520,658,383,366,0.0089
2212,867,31884,519,658,385,365,0.0056
2213,867,3831,517,659,386,365,0.0046
2214,868,16231,648,231,192,182,0.9081
2215,868,3482,586,846,285,165,0.8623
2216,868,27652,96,852,224,207,0.7979
2217,868,31884,31,60,414,501,0.6639
2218,868,22346,648,230,193,183,0.0028
2219,869,16231,620,222,188,183,0.9191
2220,869,27652,62,810,225,212,0.9110
2221,869,31884,23,36,391,508,0.8681
2222,869,3482,559,811,288,175,0.8633
2223,870,16231,143,846,196,193,0.9762
2224,870,31884,568,674,406,527,0.8802
2225,870,27652,672,256,219,200,0.8723
2226,870,3482,133,286,277,177,0.8713
2227,870,31884,453,1176,507,104,0.0050
2228,873,3350,344,226,185,182,0.9707
2229,873,16687,69,626,439,589,0.5238
2230,873,18146,621,674,279,418,0.4294
2231,874,31884,143,151,436,480,0.9298
2232,874,20876,86,725,331,241,0.8813
2233,874,3482,625,718,209,271,0.8802
2234,874,16231,627,222,188,183,0.6680
2235,874,10220,626,221,191,184,0.0013
2236,875,20876,118,767,330,232,0.8774
2237,875,31884,162,181,448,477,0.8611
2238,875,3482,651,750,210,266,0.8526
2239,875,16231,654,232,194,180,0.3458
2240,878,36636,641,209,191,246,0.9026
2241,878,3482,586,846,287,165,0.8487
2242,878,27652,96,853,224,207,0.7868
2243,878,34596,72,126,341,495,0.7047
2244,879,27652,63,810,225,212,0.9137
2245,879,36636,614,204,186,238,0.8968
2246,879,3482,560,811,287,174,0.8882
2247,879,31884,59,95,328,499,0.3662
2248,879,34596,60,93,327,500,0.3022
2249,880,13394,67,90,234,482,0.8615
2250,880,5093,511,161,268,263,0.8384
2251,880,2482,78,666,219,487,0.5608
2252,880,23222,513,610,300,500,0.4141
2253,880,16687,741,1150,235,130,0.0019
2254,882,23222,125,97,308,498,0.9019
2255,882,2482,639,60,223,483,0.8927
2256,882,13394,644,673,237,490,0.8516
2257,882,5093,149,836,278,276,0.8347
2258,883,28762,144,232,211,202,0.9611
2259,883,16231,632,220,190,187,0.9404
2260,883,3482,603,844,278,189,0.7952
2261,883,25468,54,857,370,220,0.7790
2262,883,22346,631,219,192,188,0.0019
2263,886,31862,162,284,207,207,0.9706
2264,886,3350,409,892,191,191,0.6948
2265,886,3831,541,262,267,386,0.0158
2266,886,35205,542,263,267,383,0.0135
2267,888,3350,380,206,186,183,0.9759
2268,888,31862,611,835,206,206,0.6850
2269,888,35205,161,644,265,397,0.2353
2270,889,16231,136,848,195,191,0.9681
2271,889,28762,708,888,223,214,0.8911
2272,889,20876,546,293,326,235,0.8344
2273,889,3482,142,292,212,256,0.6996
2274,891,28762,56,171,210,201,0.9706
2275,891,16231,628,221,188,184,0.9164
2276,891,20876,87,725,330,243,0.8939
2277,891,3482,625,718,210,272,0.8776
2278,891,22346,627,220,189,184,0.0019
2279,894,20876,86,725,330,243,0.8897
2280,894,3482,624,719,211,271,0.8801
2281,894,25366,29,31,410,437,0.8151
2282,894,36636,604,206,179,242,0.7709
2283,895,10220,584,776,226,221,0.9615
2284,895,16550,535,37,294,462,0.8800
2285,895,21025,100,821,181,179,0.8532
2286,895,3543,93,222,203,200,0.1398
2287,895,19860,100,821,182,179,0.0021
2288,895,16231,92,221,205,201,0.0014
2289,896,10220,613,814,222,216,0.9793
2290,896,16550,561,46,304,470,0.7866
2291,896,3543,109,232,209,202,0.6151
2292,896,21025,134,856,179,176,0.0649
2293,896,19860,134,856,180,176,0.0012
2294,897,10220,169,274,220,214,0.9691
2295,897,21025,678,286,176,172,0.9493
2296,897,3543,676,834,216,214,0.8822
2297,897,16550,115,721,319,490,0.7963
2298,897,19860,678,285,176,171,0.0018
2299,898,3543,120,173,203,197,0.9446
2300,898,16547,74,779,237,232,0.9307
2301,898,27925,567,582,260,488,0.7867
2302,898,12246,619,206,174,187,0.4681
2303,900,16547,108,821,233,227,0.9904
2304,900,3543,135,178,207,201,0.7836
2305,900,27925,598,627,251,481,0.7542
2306,900,12246,647,206,178,190,0.7349
2307,900,29666,647,207,176,189,0.0010
2308,904,3482,608,790,275,210,0.9529
2309,904,30307,162,58,290,470,0.8822
2310,904,27732,122,768,315,273,0.8496
2311,904,20237,641,190,228,217,0.6043
2312,904,27732,144,0,287,303,0.0026
2313,906,27732,564,263,303,263,0.8888
2314,906,3482,124,306,270,201,0.8887
2315,906,20237,112,855,232,226,0.8812
2316,906,27925,548,720,296,489,0.1676
2317,906,30307,548,719,296,489,0.0125
2318,908,31862,576,746,208,212,0.9461
2319,908,20237,115,716,227,229,0.7168
2320,908,3350,304,193,185,188,0.3778
2321,908,16687,681,1161,295,119,0.0018
2322,908,31884,679,1165,297,114,0.0011
2323,910,27776,640,296,176,195,0.9193
2324,910,3482,176,274,262,222,0.8863
2325,910,25366,513,703,453,438,0.8817
2326,910,29666,127,881,229,228,0.4310
2327,910,30307,127,880,230,228,0.0027
2328,910,27732,128,880,229,227,0.0025
2329,910,3831,128,880,229,228,0.0019
2330,912,27776,142,774,180,204,0.9300
2331,912,3482,535,779,268,225,0.8506
2332,912,29666,601,162,218,215,0.7899
2333,912,25366,39,108,425,422,0.6385
2334,914,13899,555,709,205,249,0.9057
2335,914,3350,368,125,185,187,0.8895
2336,914,35205,44,614,344,358,0.3404
2337,914,3350,555,706,202,253,0.0015
2338,915,13899,596,798,200,243,0.9366
2339,915,3350,411,180,186,182,0.7328
2340,915,35205,88,709,337,350,0.3825
2341,916,16231,141,893,198,193,0.9809
2342,916,27732,565,262,302,264,0.8773
2343,916,3482,123,306,271,200,0.8734
2344,916,25366,504,682,461,425,0.8689
2345,919,3482,122,308,271,200,0.8963
2346,919,27732,563,262,302,265,0.8516
2347,919,36636,101,881,268,181,0.7552
2348,919,30307,495,677,368,442,0.6484
2349,920,27732,86,727,322,283,0.9222
2350,920,3482,581,758,274,211,0.8857
2351,920,30307,129,125,359,421,0.8266
2352,920,36636,592,204,250,167,0.8100
2353,920,27732,119,58,283,285,0.0044
2354,923,16261,111,834,248,242,0.9086
2355,923,25366,540,706,436,455,0.8781
2356,923,20876,546,293,326,235,0.8452
2357,923,3482,143,291,212,257,0.7040
2358,925,3482,151,218,246,222,0.8933
2359,925,34596,487,626,443,455,0.8895
2360,925,16231,145,899,196,193,0.6843
2361,925,19860,639,278,218,171,0.4559
2362,927,34596,65,142,420,441,0.9418
2363,927,3482,572,838,263,230,0.7973
2364,927,19860,92,827,227,177,0.7426
2365,927,16231,617,174,187,180,0.6875
2366,929,31884,32,40,408,489,0.9271
2367,929,3482,575,812,281,194,0.8213
2368,929,16231,603,215,184,181,0.8161
2369,929,25468,12,812,383,221,0.7821
2370,930,3482,127,272,270,191,0.8857
2371,930,16231,163,856,196,191,0.8157
2372,930,25468,571,231,379,219,0.7146
2373,930,31884,541,689,427,511,0.4762
2374,930,31884,422,1172,541,108,0.0044
2375,931,19606,166,917,159,155,0.9886
2376,931,29344,576,717,324,424,0.9579
2377,931,1899,179,270,128,198,0.9453
2378,931,16550,476,244,490,261,0.1306
2379,932,19606,131,885,161,159,0.9920
2380,932,29344,549,682,324,429,0.9668
2381,932,16550,451,221,482,267,0.7156
2382,932,1899,160,258,128,199,0.6773
2383,933,19606,667,252,156,152,0.9922
2384,933,29344,115,167,311,400,0.9156
2385,933,1899,687,806,130,209,0.7827
2386,933,16550,14,736,503,281,0.6954
2387,936,2482,606,107,242,453,0.9149
2388,936,19551,116,192,315,497,0.8264
2389,936,25437,112,842,259,268,0.7727
2390,936,4377,654,705,218,475,0.6343
2391,937,6191,127,92,295,540,0.9085
2392,937,3742,130,814,337,331,0.7787
2393,937,4377,599,704,229,466,0.6164
2394,937,2482,622,81,193,458,0.4377
2395,938,3742,129,804,327,317,0.9165
2396,938,2482,630,30,199,485,0.7572
2397,938,4377,590,704,223,449,0.6477
2398,938,6191,129,73,290,523,0.3400
2399,938,2482,953,11,23,492,0.0032
2400,940,16231,642,323,192,189,0.8728
2401,940,3350,422,899,190,191,0.7962
2402,940,18146,203,224,215,416,0.5580
2403,940,22346,643,321,190,192,0.0045
2404,940,16687,0,0,284,140,0.0026
2405,941,16231,92,712,192,194,0.5988
2406,941,18146,514,551,218,450,0.4752
2407,941,3350,325,142,187,187,0.1270
2408,941,16687,721,1164,255,116,0.0146
2409,941,22346,91,710,194,196,0.0032
2410,941,31884,722,1172,254,108,0.0030
2411,942,16231,133,800,191,189,0.6110
2412,942,3350,367,199,187,184,0.5617
2413,942,18146,554,646,218,440,0.3493
2414,942,19606,131,799,193,190,0.0038
2415,942,22346,133,799,192,191,0.0024
2416,945,25366,628,643,319,523,0.9160
2417,945,3482,152,218,245,222,0.8894
2418,945,20237,112,856,230,226,0.6447
2419,945,19860,639,278,218,170,0.4651
2420,947,16231,143,846,196,193,0.9835
2421,947,28762,592,888,224,212,0.9484
2422,947,27652,671,256,220,200,0.8759
2423,947,3482,133,287,276,176,0.8661
2424,948,28762,185,179,211,201,0.9495
2425,948,16231,648,231,193,182,0.9390
2426,948,3482,586,846,286,165,0.8739
2427,948,27652,96,852,224,208,0.7977
2428,948,22346,648,229,194,183,0.0105
2429,949,16261,110,835,249,242,0.9096
2430,949,20876,546,294,326,235,0.8379
2431,949,30307,506,722,422,399,0.7097
2432,949,3482,142,291,213,257,0.6388
2433,950,3482,624,718,210,271,0.8956
2434,950,20876,86,725,330,243,0.8866
2435,950,16261,603,190,235,225,0.8607
2436,950,30307,74,115,398,390,0.8160
2437,950,27732,69,65,287,246,0.0035
2438,951,20876,117,768,330,231,0.8761
2439,951,3482,650,750,211,268,0.8548
2440,951,30307,87,135,410,393,0.7590
2441,951,16261,630,193,243,230,0.7564
2442,951,27732,78,88,275,269,0.0213
2443,951,27732,80,43,340,304,0.0018
2444,952,16261,166,834,250,242,0.8950
2445,952,3482,127,272,270,191,0.8796
2446,952,25468,572,232,381,218,0.7750
2447,952,30307,564,649,388,429,0.5466
2448,952,27732,558,604,320,259,0.0014
2449,953,16261,547,190,237,227,0.9114
2450,953,3482,574,812,281,194,0.8195
2451,953,30307,49,161,363,414,0.8163
2452,953,25468,11,812,384,222,0.7970
2453,953,27732,45,135,265,245,0.0021
2454,954,16261,571,195,245,231,0.8424
2455,954,3482,603,845,278,188,0.7759
2456,954,25468,54,855,370,221,0.7629
2457,954,30307,63,182,381,422,0.7093
2458,954,27732,52,132,277,277,0.0085
2459,956,1899,159,249,203,128,0.7960
2460,956,27925,600,673,253,483,0.6874
2461,956,19606,142,863,159,155,0.6697
2462,956,16550,597,0,310,447,0.2700
2463,957,19606,689,299,157,149,0.9863
2464,957,27925,147,145,258,454,0.9166
2465,957,1899,630,893,210,136,0.7422
2466,957,16550,78,787,315,490,0.7116
2467,962,19606,143,848,161,159,0.9951
2468,962,29450,472,780,404,271,0.9690
2469,962,16550,628,113,277,468,0.8741
2470,962,1899,149,241,183,180,0.7991
2471,966,16547,128,852,241,238,0.9781
2472,966,31704,135,130,244,417,0.9043
2473,966,18109,611,218,300,286,0.7535
2474,966,1899,656,903,213,149,0.3483
2475,966,12246,654,903,214,148,0.0029
2476,967,29666,585,307,227,223,0.9484
2477,967,41767,128,300,261,299,0.9079
2478,967,3350,406,888,190,191,0.8701
2479,968,29666,112,698,232,232,0.9723
2480,968,3350,341,156,186,187,0.9276
2481,968,41767,560,622,267,310,0.1877
2482,968,36636,552,622,275,310,0.0016
2483,972,21770,125,775,195,190,0.9769
2484,972,16550,572,14,331,437,0.8818
2485,972,1899,142,242,198,128,0.8408
2486,972,27925,571,628,259,493,0.3963
2487,973,29344,611,716,285,442,0.9411
2488,973,1899,182,267,129,200,0.9402
2489,973,21770,183,885,192,186,0.8789
2490,973,16550,571,84,304,468,0.7941
2491,974,29344,587,680,286,444,0.9615
2492,974,21770,149,850,195,191,0.9262
2493,974,16550,545,74,295,459,0.8436
2494,974,1899,163,256,126,200,0.7586
2495,975,29344,117,157,275,408,0.9292
2496,975,16550,104,691,320,483,0.8546
2497,975,1899,685,809,130,207,0.7546
2498,975,21770,619,252,188,180,0.5919
2499,979,22073,584,709,188,196,0.9726
2500,979,3350,393,158,182,186,0.4703
2501,979,18356,68,550,292,335,0.2752
2502,979,3831,783,0,193,131,0.0040
2503,979,16687,0,1227,186,53,0.0011
2504,979,31704,776,0,200,111,0.0010
2505,980,22073,169,313,187,191,0.9698
2506,980,3350,353,873,190,191,0.8782
2507,980,18356,575,307,284,321,0.0839
2508,980,3831,669,0,307,130,0.0021
2509,980,35205,667,0,304,93,0.0011
2510,982,23222,102,116,299,508,0.9150
2511,982,3742,116,839,336,334,0.8846
2512,982,2482,662,116,212,473,0.8048
2513,982,13394,640,676,238,518,0.7873
2514,983,3742,113,827,326,322,0.9292
2515,983,23222,101,89,302,500,0.8938
2516,983,2482,672,81,206,482,0.8297
2517,983,13394,630,679,229,493,0.7478
2518,984,13394,86,81,228,485,0.8549
2519,984,2482,60,648,203,487,0.7759
2520,984,23222,540,615,296,508,0.6175
2521,984,3742,496,128,314,302,0.3085
2522,984,5093,488,125,326,312,0.0020
2523,985,29450,522,806,420,230,0.9169
2524,985,1899,139,218,202,151,0.8708
2525,985,24849,118,738,200,286,0.7758
2526,985,16547,577,187,231,223,0.6765
2527,986,1899,632,898,210,158,0.7886
2528,986,24849,645,258,192,268,0.7633
2529,986,29450,45,231,405,230,0.5975
2530,986,16547,142,836,241,238,0.1606
2531,988,22346,158,184,207,196,0.9662
2532,988,3482,598,867,261,233,0.8426
2533,988,36636,618,200,272,151,0.7680
2534,988,19860,124,866,221,168,0.7312
2535,989,22346,143,178,201,194,0.9532
2536,989,36636,591,195,259,155,0.9208
2537,989,3482,571,838,264,231,0.7763
2538,989,19860,90,827,227,177,0.7722
2539,990,3482,154,218,245,221,0.9030
2540,990,22346,625,885,217,211,0.7475
2541,990,36636,94,906,277,167,0.7261
2542,990,19860,640,278,220,171,0.4198
2543,990,21025,627,885,215,211,0.0416
2544,991,10220,585,776,225,220,0.9712
2545,991,21025,100,821,180,179,0.8469
2546,991,16547,573,221,230,226,0.7435
2547,991,3543,93,222,203,199,0.2511
2548,991,19860,101,821,182,179,0.0025
2549,991,16231,93,221,204,200,0.0021
2550,991,5093,100,821,181,178,0.0012
2551,993,10220,612,814,223,215,0.9722
2552,993,16547,601,233,237,226,0.9678
2553,993,3543,108,232,209,201,0.6638
2554,993,21025,133,856,179,176,0.1338
2555,993,19860,134,856,180,177,0.0011
2556,994,16261,118,846,249,243,0.9117
2557,994,27652,672,256,219,199,0.8783
2558,994,3482,133,286,277,177,0.8609
2559,994,30307,507,752,394,432,0.4264
2560,994,30307,411,1167,503,112,0.0028
2561,996,3482,586,846,286,165,0.8818
2562,996,16261,623,182,242,232,0.7991
2563,996,27652,96,852,223,207,0.7797
2564,996,30307,108,76,389,422,0.7581
2565,996,27732,95,4,274,285,0.0117
2566,997,21770,123,807,197,187,0.9380
2567,997,16550,591,62,277,468,0.8861
2568,997,1899,148,240,183,180,0.8174
2569,997,29450,459,810,420,223,0.8006
2570,998,21770,157,840,192,185,0.8914
2571,998,29450,489,845,414,221,0.8609
2572,998,16550,618,73,285,478,0.8310
2573,998,1899,165,248,186,181,0.7969
2574,999,21770,644,290,188,182,0.9661
2575,999,1899,644,845,188,190,0.8938
2576,999,16550,80,688,293,498,0.7306
2577,999,29450,105,235,407,222,0.3149
2578,1003,3482,607,791,275,209,0.9563
2579,1003,34596,40,159,443,416,0.8540
2580,1003,27732,122,767,316,274,0.8439
2581,1003,16231,648,185,193,179,0.8047
2582,1004,16231,141,893,198,193,0.9550
2583,1004,34596,506,660,462,434,0.8946
2584,1004,3482,124,306,271,201,0.8874
2585,1004,27732,565,263,302,265,0.8741
2586,1005,27732,85,727,322,281,0.9291
2587,1005,3482,579,759,276,211,0.9046
2588,1005,16231,620,179,188,183,0.8946
2589,1005,34596,25,129,433,420,0.8707
2590,1006,25366,47,178,443,423,0.8965
2591,1006,3482,603,844,278,189,0.7917
2592,1006,25468,54,856,370,220,0.7779
2593,1006,20237,617,194,227,219,0.6578
2594,1007,20237,590,191,220,213,0.8204
2595,1007,3482,575,812,281,195,0.8160
2596,1007,25366,37,159,426,418,0.8026
2597,1007,25468,10,812,384,222,0.7952
2598,1009,16261,547,190,237,227,0.8310
2599,1009,22346,79,199,201,195,0.8042
2600,1009,3482,575,811,281,194,0.8012
2601,1009,25468,12,813,382,221,0.7923
2602,1010,22346,95,207,206,198,0.9493
2603,1010,3482,603,846,277,187,0.8027
2604,1010,25468,52,857,372,220,0.7613
2605,1010,16261,574,194,243,232,0.7479
2606,1012,16547,613,158,229,224,0.9663
2607,1012,1899,142,243,198,127,0.8284
2608,1012,24849,140,703,185,298,0.5554
2609,1012,27925,572,629,258,491,0.4617
2610,1013,27925,146,145,259,453,0.9132
2611,1013,16547,105,865,241,239,0.9029
2612,1013,1899,632,892,209,135,0.6891
2613,1013,24849,639,275,180,277,0.3353
2614,1014,16547,642,164,235,226,0.9915
2615,1014,1899,159,251,201,126,0.8521
2616,1014,27925,601,672,253,484,0.6560
2617,1014,24849,173,741,182,292,0.2718
2618,1015,35205,661,173,222,404,0.8789
2619,1015,20876,117,767,331,232,0.8566
2620,1015,3482,650,749,210,268,0.8556
2621,1015,30307,67,127,400,405,0.8168
2622,1015,27732,55,62,310,253,0.0121
2623,1016,35205,99,673,234,409,0.9355
2624,1016,20876,545,294,327,235,0.8516
2625,1016,3482,142,293,211,255,0.6561
2626,1016,30307,538,719,409,417,0.4313
2627,1016,27732,544,659,327,271,0.0010
2628,1018,3482,123,307,271,199,0.8847
2629,1018,30307,444,742,470,310,0.8555
2630,1018,27732,562,258,299,262,0.7923
2631,1018,29666,87,862,232,227,0.2261
2632,1019,3482,607,791,275,210,0.9441
2633,1019,29666,668,182,226,213,0.8974
2634,1019,27732,129,775,313,275,0.8329
2635,1019,30307,98,211,455,297,0.3369
2636,1019,20876,94,213,443,294,0.0019
2637,1020,27732,91,733,322,279,0.9139
2638,1020,3482,578,759,275,209,0.9098
2639,1020,29666,638,178,222,214,0.8909
2640,1020,30307,81,191,446,298,0.8271
2641,1022,29450,36,803,421,223,0.9379
2642,1022,16550,628,24,278,466,0.8685
2643,1022,1899,148,242,183,180,0.8070
2644,1022,33207,582,812,215,204,0.7178
2645,1023,29450,72,843,414,219,0.9105
2646,1023,1899,165,248,186,181,0.7863
2647,1023,33207,611,845,212,198,0.7829
2648,1023,16550,655,29,291,482,0.7602
2649,1025,16261,110,836,249,243,0.9201
2650,1025,20876,546,293,326,236,0.8615
2651,1025,28762,645,864,220,210,0.8339
2652,1025,3482,142,291,212,257,0.6909
2653,1026,28762,137,204,210,203,0.9480
2654,1026,20876,117,768,330,232,0.8636
2655,1026,3482,650,750,210,268,0.8577
2656,1026,16261,630,194,243,230,0.7239
2657,1027,13899,190,284,197,236,0.8394
2658,1027,3350,354,883,191,193,0.7685
2659,1027,16231,601,262,187,187,0.2215
2660,1027,31862,600,262,187,187,0.0727
2661,1027,22073,600,262,188,187,0.0721
2662,1027,16687,0,0,324,141,0.0015
2663,1028,16231,134,779,194,191,0.9659
2664,1028,13899,553,708,206,248,0.9192
2665,1028,3350,391,157,187,188,0.8812
2666,1029,3350,436,215,185,184,0.9648
2667,1029,13899,594,799,200,241,0.9397
2668,1029,16231,178,866,190,193,0.8992
2669,1030,27732,86,727,322,282,0.9352
2670,1030,3482,579,758,276,211,0.9284
2671,1030,34596,47,145,443,412,0.7784
2672,1030,35205,568,120,252,378,0.6843
2673,1034,3482,152,219,245,221,0.8930
2674,1034,28762,649,881,224,216,0.8605
2675,1034,36636,93,908,279,165,0.7099
2676,1034,19860,639,278,219,170,0.4492
2677,1034,31704,93,909,277,162,0.0012
2678,1039,28762,127,215,212,200,0.9677
2679,1039,25468,55,855,369,221,0.8106
2680,1039,3482,602,845,277,189,0.8098
2681,1039,16261,573,194,244,231,0.7838
2682,1041,16261,167,834,249,242,0.8924
2683,1041,3482,127,272,270,191,0.8879
2684,1041,28762,653,851,223,216,0.8636
2685,1041,25468,572,231,381,218,0.7642
2686,1043,35205,516,606,239,416,0.8994
2687,1043,3350,313,169,183,187,0.6656
2688,1043,18356,50,629,272,352,0.6618
2689,1043,16687,0,1209,206,71,0.0155
2690,1043,12080,823,1148,153,132,0.0059
2691,1043,12080,754,1141,222,139,0.0034
2692,1043,18146,0,1219,205,61,0.0030
2693,1043,22361,860,1140,116,140,0.0017
2694,1043,16687,0,1167,207,113,0.0013
2695,1044,3350,354,227,183,184,0.8519
2696,1044,18356,94,723,266,352,0.7023
2697,1044,35205,555,703,236,409,0.5947
2698,1044,2482,0,1231,117,49,0.0011
2699,1045,28762,133,212,211,201,0.9232
2700,1045,20876,42,755,324,251,0.9031
2701,1045,3482,624,719,210,272,0.8798
2702,1045,29666,596,178,219,215,0.5466
2703,1046,28762,151,223,213,201,0.8967
2704,1046,20876,75,799,325,241,0.8796
2705,1046,3482,650,750,211,268,0.8557
2706,1046,29666,624,183,223,215,0.5242
2707,1047,28762,627,844,222,212,0.8906
2708,1047,20876,591,259,322,243,0.8637
2709,1047,29666,133,864,232,225,0.7722
2710,1047,3482,143,290,212,256,0.6706
2711,1050,2482,652,83,197,484,0.7924
2712,1050,22361,609,779,252,407,0.7502
2713,1050,5093,136,847,278,274,0.6761
2714,1050,22626,92,175,338,472,0.3742
2715,1051,5093,551,190,270,268,0.8673
2716,1051,2482,89,680,233,476,0.6554
2717,1051,4377,139,110,212,435,0.5745
2718,1051,23222,487,659,387,471,0.2087
2719,1053,2482,621,50,214,486,0.9184
2720,1053,5093,104,800,277,278,0.8835
2721,1053,23222,72,78,386,466,0.8797
2722,1053,4377,593,701,214,451,0.4956
2723,1053,2482,954,15,22,507,0.0011
2724,1055,29666,646,185,223,214,0.9406
2725,1055,3482,570,767,278,207,0.9042
2726,1055,27732,79,733,330,268,0.8887
2727,1055,31884,58,33,422,485,0.7763
2728,1056,3482,599,799,277,206,0.8941
2729,1056,29666,674,190,229,213,0.8712
2730,1056,27732,115,776,322,262,0.8711
2731,1056,31884,69,55,443,486,0.8072
2732,1057,2482,618,65,231,470,0.9037
2733,1057,12777,79,76,333,498,0.8088
2734,1057,25437,110,829,254,253,0.7952
2735,1057,4377,641,705,224,455,0.6851
2736,1058,2482,605,108,242,453,0.9094
2737,1058,12777,89,110,325,500,0.8493
2738,1058,25437,112,842,259,267,0.7607
2739,1058,4377,655,705,216,474,0.4905
2740,1060,25437,555,206,247,250,0.9086
2741,1060,13394,114,47,241,485,0.8773
2742,1060,2482,114,677,214,494,0.6197
2743,1060,22626,529,644,356,472,0.6126
2744,1064,34596,57,136,455,413,0.8808
2745,1064,3482,604,845,277,188,0.8082
2746,1064,25468,52,856,371,219,0.7627
2747,1064,20237,618,195,226,218,0.6534
2748,1065,3482,126,272,270,192,0.8980
2749,1065,34596,485,685,466,432,0.8308
2750,1065,25468,572,232,380,218,0.7415
2751,1065,20237,139,848,230,228,0.7276
2752,1067,16261,118,845,249,245,0.9338
2753,1067,27652,672,256,219,200,0.8623
2754,1067,3482,132,288,277,176,0.8618
2755,1067,31884,557,672,402,529,0.7344
2756,1067,31884,459,1186,492,93,0.0149
2757,1067,31884,443,1126,507,154,0.0010
2758,1069,16547,645,165,235,226,0.9950
2759,1069,21770,116,204,192,184,0.8920
2760,1069,1899,623,887,209,142,0.8593
2761,1069,21025,137,867,180,178,0.5987
2762,1069,22346,137,868,179,178,0.0032
2763,1070,21025,674,272,177,173,0.9598
2764,1070,16547,103,864,239,240,0.9475
2765,1070,21770,686,883,198,193,0.9136
2766,1070,1899,176,279,201,141,0.6338
2767,1070,19860,674,272,177,173,0.0011
2768,1073,22346,115,200,203,194,0.9674
2769,1073,27776,143,775,179,204,0.9240
2770,1073,3482,537,779,267,226,0.8181
2771,1073,36636,636,180,181,241,0.7162
2772,1075,16550,93,596,338,462,0.8626
2773,1075,29870,604,771,205,224,0.8066
2774,1075,3543,102,161,204,199,0.6394
2775,1075,4542,612,142,203,199,0.2797
2776,1075,3543,603,772,206,225,0.0045
2777,1075,22346,602,771,207,227,0.0011
2778,1076,3543,670,898,212,215,0.9076
2779,1076,16550,537,192,326,437,0.8864
2780,1076,29870,168,278,205,212,0.8305
2781,1076,4542,133,916,213,212,0.6620
2782,1077,16550,128,646,333,457,0.9058
2783,1077,3543,117,166,207,203,0.7967
2784,1077,29870,631,806,204,220,0.6745
2785,1077,4542,640,143,209,201,0.3896
2786,1077,3543,629,806,206,223,0.0046
2787,1077,22346,630,806,206,223,0.0011
2788,1079,22346,121,220,205,197,0.9546
2789,1079,20876,73,799,323,242,0.8949
2790,1079,3482,647,754,211,269,0.8689
2791,1079,29666,626,187,222,215,0.5751
2792,1080,22346,104,211,202,195,0.9479
2793,1080,20876,40,754,325,254,0.9118
2794,1080,3482,621,722,210,272,0.8690
2795,1080,29666,597,182,220,213,0.6067
2796,1081,44198,91,185,260,227,0.9792
2797,1081,1899,609,898,207,140,0.8646
2798,1081,21025,125,865,180,178,0.6002
2799,1081,16550,481,204,461,321,0.3889
2800,1081,22346,123,865,181,176,0.0031
2801,1085,20876,86,725,331,243,0.8895
2802,1085,3482,624,718,210,270,0.8864
2803,1085,16231,628,222,187,183,0.8449
2804,1085,25366,38,133,435,407,0.7836
2805,1087,3543,134,175,203,201,0.9349
2806,1087,16550,87,590,293,484,0.6985
2807,1087,31704,572,679,252,449,0.6165
2808,1087,10220,623,205,219,213,0.4816
2809,1087,36636,581,708,238,401,0.0023
2810,1089,3543,634,887,215,213,0.9453
2811,1089,16550,584,181,290,460,0.8762
2812,1089,31704,147,147,258,420,0.8477
2813,1089,10220,105,835,230,225,0.6225
2814,1092,44198,136,242,246,232,0.9898
2815,1092,1899,653,849,209,160,0.8378
2816,1092,33008,564,213,325,292,0.7442
2817,1092,16547,84,913,243,239,0.1049
2818,1092,22346,137,246,239,227,0.0014
2819,1093,34596,502,691,462,437,0.9390
2820,1093,3482,151,218,245,222,0.9004
2821,1093,16261,100,851,247,241,0.6727
2822,1093,19860,639,278,219,170,0.4588
2823,1093,33207,105,851,244,240,0.0015
2824,1093,31884,393,1155,559,125,0.0012
2825,1095,34596,48,125,441,416,0.9271
2826,1095,3482,600,867,260,231,0.8319
2827,1095,16261,636,176,247,232,0.8069
2828,1095,19860,126,866,221,168,0.6630
2829,1096,27992,547,779,311,241,0.9931
2830,1096,16550,479,115,451,323,0.7739
2831,1096,6562,166,673,219,365,0.7702
2832,1096,3543,92,197,204,199,0.7515
2833,1096,16231,91,196,205,201,0.0012
2834,1097,27992,577,816,304,231,0.9322
2835,1097,3543,108,205,209,201,0.8700
2836,1097,16550,506,127,458,325,0.7274
2837,1097,6562,198,715,218,358,0.6722
2838,1098,6562,581,233,213,337,0.7756
2839,1098,16550,17,785,477,345,0.7503
2840,1098,27992,123,253,298,233,0.7241
2841,1098,3543,678,861,216,213,0.6463
2842,1100,27776,143,775,180,205,0.9277
2843,1100,31884,55,98,417,488,0.8521
2844,1100,3482,536,779,267,225,0.8420
2845,1100,36636,635,179,182,242,0.8266
2846,1101,36636,665,181,188,247,0.9059
2847,1101,27776,177,811,175,200,0.8631
2848,1101,3482,564,813,265,220,0.8587
2849,1101,31884,66,126,444,489,0.5772
2850,1105,22346,112,213,207,196,0.9571
2851,1105,3482,608,791,275,210,0.9533
2852,1105,27732,123,769,314,271,0.8114
2853,1105,35205,603,126,256,389,0.3634
2854,1109,28762,142,227,210,200,0.9496
2855,1109,3482,587,845,286,165,0.8755
2856,1109,16261,623,182,243,232,0.8551
2857,1109,27652,96,852,223,208,0.8013
2858,1111,28762,116,188,208,199,0.9715
2859,1111,27652,61,809,224,211,0.8990
2860,1111,3482,558,811,288,174,0.8578
2861,1111,29666,604,176,217,213,0.7080
2862,1114,3482,132,287,277,176,0.8815
2863,1114,27652,671,256,220,200,0.8646
2864,1114,35205,107,688,201,417,0.5270
2865,1114,30307,559,694,400,425,0.4862
2866,1115,35205,652,140,196,400,0.9293
2867,1115,27652,62,810,225,212,0.9171
2868,1115,3482,558,811,288,175,0.8807
2869,1115,30307,42,126,379,404,0.7946
2870,1115,27732,40,65,285,242,0.0044
2871,1116,35205,682,152,200,409,0.8975
2872,1116,3482,587,846,286,166,0.8587
2873,1116,27652,96,852,224,207,0.7900
2874,1116,30307,54,144,390,412,0.5967
2875,1116,27732,46,89,284,264,0.0091
2876,1118,3543,676,858,216,215,0.9639
2877,1118,29870,198,241,171,234,0.8338
2878,1118,6562,585,237,213,339,0.8075
2879,1118,16547,102,880,242,240,0.4405
2880,1119,16547,645,146,235,227,0.9886
2881,1119,3543,109,208,209,201,0.8049
2882,1119,6562,193,709,218,358,0.7099
2883,1119,29870,632,824,176,242,0.3677
2884,1119,16550,632,825,176,241,0.2532
2885,1119,3543,631,826,175,242,0.0019
2886,1121,28762,621,859,220,214,0.9723
2887,1121,3482,127,271,270,191,0.8965
2888,1121,25468,576,192,329,282,0.6274
2889,1121,29666,138,873,230,225,0.6038
2890,1121,3831,137,871,231,226,0.0013
2891,1123,16261,151,802,250,242,0.9156
2892,1123,3482,124,307,271,201,0.8910
2893,1123,27732,564,263,303,264,0.8822
2894,1123,25366,494,669,449,435,0.8297
2895,1125,3482,608,790,274,210,0.9462
2896,1125,25366,68,165,441,419,0.8972
2897,1125,27732,122,767,315,274,0.8573
2898,1125,16261,590,226,242,231,0.7963
2899,1126,16261,111,834,249,242,0.9011
2900,1126,31884,514,731,462,478,0.8588
2901,1126,20876,547,293,326,236,0.8405
2902,1126,3482,143,290,213,256,0.6327
2903,1126,31884,419,1183,549,97,0.0022
2904,1129,22346,681,826,215,208,0.9119
2905,1129,27732,564,262,303,264,0.8766
2906,1129,3482,123,305,271,202,0.8707
2907,1129,20237,113,855,232,226,0.8534
2908,1135,1899,152,253,195,164,0.9129
2909,1135,16550,607,58,282,482,0.6977
2910,1135,33008,550,837,372,197,0.6697
2911,1135,18109,77,791,308,291,0.5923
2912,1135,16547,549,835,375,201,0.0011
2913,1136,1899,644,855,203,172,0.9005
2914,1136,33008,84,257,370,209,0.8646
2915,1136,16550,89,704,297,499,0.7940
2916,1136,18109,611,222,300,285,0.7499
2917,1136,16547,87,256,366,209,0.0052
2918,1138,34596,32,85,371,482,0.9476
2919,1138,27652,64,811,224,212,0.9100
2920,1138,3482,560,811,287,175,0.8943
2921,1138,20237,594,174,221,212,0.8173
2922,1140,34596,45,115,381,478,0.9052
2923,1140,3482,587,846,286,165,0.8686
2924,1140,27652,97,853,224,207,0.7227
2925,1140,20237,623,176,225,216,0.6637
2926,1141,12080,67,123,228,420,0.8953
2927,1141,23222,571,575,299,498,0.8924
2928,1141,25437,556,195,247,252,0.8519
2929,1141,2482,71,650,298,452,0.8465
2930,1142,23222,65,138,301,490,0.9007
2931,1142,25437,122,821,254,253,0.8584
2932,1142,12080,647,707,243,445,0.8079
2933,1142,2482,586,118,288,446,0.7592
2934,1143,12080,655,707,255,467,0.9067
2935,1143,23222,67,173,297,488,0.9056
2936,1143,2482,569,152,302,438,0.8666
2937,1143,25437,125,833,260,268,0.7389
2938,1143,35205,0,0,306,123,0.0018
2939,1144,16261,573,194,243,232,0.8365
2940,1144,31884,59,177,437,479,0.7965
2941,1144,3482,603,844,277,188,0.7889
2942,1144,25468,54,855,369,221,0.7486
2943,1148,3350,384,160,184,190,0.9311
2944,1148,16231,147,732,192,193,0.8593
2945,1148,41767,558,632,267,309,0.3468
2946,1148,36636,551,633,269,304,0.0046
2947,1149,3350,426,221,187,183,0.9689
2948,1149,16231,189,820,192,192,0.7945
2949,1149,41767,600,722,262,310,0.6838
2950,1149,36636,592,727,268,304,0.0015
2951,1149,22346,189,818,192,192,0.0013
2952,1150,34596,83,57,404,463,0.8765
2953,1150,27776,176,811,176,200,0.8757
2954,1150,3482,564,814,265,220,0.8565
2955,1150,29666,631,164,221,214,0.8356
2956,1153,16231,647,176,191,186,0.9389
2957,1153,3482,600,866,261,233,0.8564
2958,1153,19860,126,866,220,168,0.6959
2959,1153,22346,144,209,207,198,0.6853
2960,1153,16547,144,208,208,199,0.0738
2961,1153,22346,646,174,193,187,0.0033
2962,1154,16231,617,173,188,180,0.9414
2963,1154,22346,128,201,201,195,0.8965
2964,1154,3482,572,838,264,230,0.8368
2965,1154,19860,92,828,228,175,0.7541
2966,1154,22346,618,173,187,180,0.0024
2967,1155,22346,640,859,215,210,0.9693
2968,1155,16231,145,899,195,192,0.9299
2969,1155,3482,151,219,246,221,0.8898
2970,1155,19860,638,278,220,171,0.4415
2971,1155,22346,144,897,197,194,0.0028
2972,1156,16261,575,311,235,233,0.8685
2973,1156,13899,183,283,205,231,0.8241
2974,1156,3350,391,858,192,190,0.2619
2975,1156,31884,0,0,281,152,0.0021
2976,1157,16261,110,676,250,246,0.9601
2977,1157,13899,554,715,213,242,0.8953
2978,1157,3350,355,181,184,189,0.3634
2979,1158,16261,153,768,246,238,0.9686
2980,1158,13899,594,805,208,236,0.9519
2981,1158,3350,397,242,184,183,0.7158
2982,1159,3350,403,809,189,191,0.9287
2983,1159,16231,645,296,190,193,0.9258
2984,1159,18356,152,300,242,355,0.7493
2985,1159,22346,645,294,189,194,0.0037
2986,1161,3350,388,280,184,183,0.9627
2987,1161,16231,131,816,189,190,0.9558
2988,1161,18356,584,617,242,368,0.7426
2989,1163,16550,41,607,303,468,0.7570
2990,1163,3543,118,185,207,202,0.7376
2991,1163,10220,656,199,225,214,0.5531
2992,1163,29450,498,805,405,238,0.2382
2993,1163,2482,116,184,212,204,0.0011
2994,1164,29450,464,767,414,245,0.9566
2995,1164,3543,104,180,202,200,0.7152
2996,1164,16550,12,560,301,479,0.7050
2997,1164,10220,627,194,219,212,0.3593
2998,1166,3482,128,272,269,191,0.8867
2999,1166,25366,570,681,394,492,0.8803
3000,1166,25468,576,191,329,284,0.6481
3001,1166,36636,132,830,181,261,0.0625
3002,1166,16547,129,828,185,266,0.0058
3003,1166,31704,130,828,184,266,0.0034
3004,1166,44198,129,828,186,267,0.0024
3005,1166,16231,130,828,185,266,0.0017
3006,1166,29344,129,828,185,267,0.0011
3007,1167,25366,50,94,388,472,0.8692
3008,1167,36636,674,174,174,252,0.8068
3009,1167,3482,602,845,278,188,0.7820
3010,1167,25468,85,831,343,300,0.7495
3011,1168,30307,44,15,349,428,0.8485
3012,1168,3482,574,812,281,193,0.8161
3013,1168,29666,592,171,216,211,0.7672
3014,1168,25468,50,787,348,300,0.6391
3015,1168,3831,591,169,218,215,0.0018
3016,1170,30307,53,25,362,439,0.8162
3017,1170,3482,602,845,278,188,0.7744
3018,1170,25468,86,831,341,299,0.7452
3019,1170,29666,620,174,222,215,0.6870
3020,1170,3831,619,172,224,216,0.0055
3021,1170,27732,49,4,256,236,0.0049
3022,1171,16547,580,746,240,233,0.9859
3023,1171,3543,124,181,202,199,0.9074
3024,1171,4542,641,152,201,198,0.8224
3025,1171,10220,93,791,225,219,0.5264
3026,1173,10220,642,263,221,211,0.9746
3027,1173,3543,647,877,216,212,0.9603
3028,1173,16547,161,285,231,226,0.7890
3029,1173,4542,103,908,215,209,0.5412
3030,1174,3482,133,288,276,175,0.9001
3031,1174,27652,672,256,220,199,0.8699
3032,1174,29666,126,866,229,225,0.8057
3033,1174,30307,577,754,396,433,0.4667
3034,1174,30307,476,1176,497,104,0.0023
3035,1174,27732,578,685,339,266,0.0014
3036,1176,3482,586,846,286,165,0.8702
3037,1176,29666,631,180,223,215,0.8589
3038,1176,27652,95,852,224,207,0.8072
3039,1176,30307,42,76,390,418,0.8028
3040,1176,27732,40,9,267,284,0.0053
3041,1178,27776,144,777,180,205,0.9245
3042,1178,20237,576,192,222,213,0.8585
3043,1178,3482,538,781,268,226,0.8422
3044,1178,31884,103,47,403,502,0.8415
3045,1180,21324,189,305,165,227,0.9466
3046,1180,19231,496,235,328,254,0.8365
3047,1180,3350,394,916,191,192,0.7764
3048,1184,21025,684,275,179,172,0.9597
3049,1184,16547,143,878,243,239,0.6888
3050,1184,1899,186,273,203,138,0.6732
3051,1184,24849,672,827,192,302,0.4210
3052,1185,16547,601,150,238,226,0.9961
3053,1185,1899,609,899,208,139,0.8681
3054,1185,21025,125,865,180,178,0.4913
3055,1185,24849,137,143,187,292,0.0607
3056,1185,22346,124,866,181,177,0.0037
3057,1186,19551,513,559,321,489,0.9296
3058,1186,5093,550,191,270,268,0.8328
3059,1186,2482,86,681,234,476,0.6798
3060,1186,4377,140,110,212,435,0.5942
3061,1186,35205,724,1177,252,103,0.0019
3062,1186,33879,740,1175,236,105,0.0012
3063,1187,2482,617,50,223,484,0.9198
3064,1187,5093,105,800,278,275,0.8851
3065,1187,19551,111,159,319,487,0.8626
3066,1187,4377,592,700,215,452,0.5387
3067,1189,3742,119,785,325,320,0.9583
3068,1189,2482,590,67,249,480,0.9277
3069,1189,12080,603,711,235,448,0.6911
3070,1189,22626,99,140,309,478,0.5605
3071,1189,2482,953,14,23,490,0.0013
3072,1190,2482,586,112,231,460,0.9284
3073,1190,3742,120,798,334,329,0.8961
3074,1190,22626,101,186,306,466,0.7891
3075,1190,12080,611,719,242,464,0.7685
3076,1191,12080,111,114,224,423,0.8383
3077,1191,22626,528,587,313,488,0.6577
3078,1191,2482,90,671,254,467,0.5337
3079,1191,3742,492,168,316,297,0.3363
3080,1191,5093,486,166,319,310,0.0024
3081,1192,1899,645,855,203,173,0.8973
3082,1192,33008,83,256,370,209,0.8819
3083,1192,16550,85,694,293,497,0.8249
3084,1192,24849,647,206,178,276,0.4574
3085,1192,16547,86,256,366,209,0.0070
3086,1194,1899,152,253,195,165,0.9097
3087,1194,16550,612,65,287,481,0.7848
3088,1194,33008,551,838,371,196,0.7306
3089,1194,24849,165,817,182,294,0.4113
3090,1194,16547,550,836,376,200,0.0014
3091,1196,35205,140,707,237,411,0.9458
3092,1196,3482,172,275,263,222,0.9226
3093,1196,28762,616,887,222,213,0.8845
3094,1196,27776,637,294,177,196,0.8826
3095,1197,27776,179,813,175,199,0.8797
3096,1197,3482,566,812,266,219,0.8370
3097,1197,28762,163,179,212,200,0.8126
3098,1197,35205,616,140,221,402,0.8035
3099,1198,28762,132,216,209,201,0.8913
3100,1198,3482,567,815,265,220,0.8791
3101,1198,27776,179,814,174,199,0.8651
3102,1198,20237,605,197,226,215,0.7345
3103,1199,28762,648,849,221,216,0.9709
3104,1199,3482,173,272,262,223,0.9159
3105,1199,20237,151,850,233,227,0.8833
3106,1199,27776,639,292,175,195,0.8694
3107,1201,16547,585,212,232,224,0.9772
3108,1201,21025,102,823,180,179,0.8548
3109,1201,12246,585,815,212,155,0.8491
3110,1201,3543,144,189,204,197,0.1333
3111,1201,19860,102,822,182,179,0.0017
3112,1201,1899,584,816,211,156,0.0015
3113,1201,36636,584,816,211,155,0.0012
3114,1201,3543,584,816,209,155,0.0011
3115,1204,32309,68,217,341,253,0.9393
3116,1204,22073,686,264,184,186,0.8058
3117,1204,3350,393,861,189,192,0.7988
3118,1204,3831,0,0,265,126,0.0077
3119,1204,3831,689,0,287,134,0.0034
3120,1206,32309,567,816,357,271,0.9701
3121,1206,22073,93,854,185,190,0.9599
3122,1206,3350,396,224,184,184,0.6789
3123,1206,3831,782,0,194,145,0.0028
3124,1207,16231,154,828,191,192,0.9530
3125,1207,3482,173,275,262,221,0.9319
3126,1207,27776,638,294,176,195,0.8830
3127,1207,22346,687,811,211,208,0.0089
3128,1207,16231,685,811,216,207,0.0072
3129,1207,19606,686,810,212,208,0.0027
3130,1207,22346,153,827,192,191,0.0027
3131,1207,20237,685,811,214,208,0.0024
3132,1207,27652,686,812,212,206,0.0023
3133,1207,16261,684,812,215,205,0.0011
3134,1209,22346,100,260,207,196,0.9791
3135,1209,16231,644,251,188,182,0.9510
3136,1209,27776,179,814,175,199,0.8792
3137,1209,3482,567,812,265,221,0.8183
3138,1209,22346,644,250,188,183,0.0077
3139,1210,35205,659,171,224,407,0.9013
3140,1210,3482,651,749,210,268,0.8708
3141,1210,20876,118,768,330,230,0.8682
3142,1210,34596,68,142,470,385,0.8571
3143,1212,35205,99,673,235,410,0.9364
3144,1212,34596,452,708,485,404,0.9194
3145,1212,20876,546,294,326,234,0.8361
3146,1212,3482,142,292,211,256,0.6711
3147,1213,2482,662,65,200,481,0.8614
3148,1213,5885,596,684,232,487,0.8413
3149,1213,25437,128,837,255,252,0.8254
3150,1213,22626,104,7,315,483,0.7287
3151,1214,22626,105,25,312,502,0.8173
3152,1214,2482,657,98,194,469,0.8168
3153,1214,25437,129,849,263,266,0.7856
3154,1214,5885,604,683,240,506,0.0837
3155,1216,3543,660,865,215,214,0.9497
3156,1216,10220,129,847,229,224,0.9107
3157,1216,27925,154,175,269,452,0.8881
3158,1216,16550,618,182,284,462,0.8242
3159,1219,29344,576,671,285,445,0.9732
3160,1219,16550,65,582,334,460,0.6569
3161,1219,3543,104,241,204,201,0.5560
3162,1219,10220,650,209,221,213,0.5069
3163,1220,29344,604,707,282,442,0.9536
3164,1220,10220,679,215,226,214,0.7715
3165,1220,16550,94,631,336,455,0.7641
3166,1220,3543,121,252,207,202,0.7429
3167,1220,2482,120,250,211,205,0.0017
3168,1222,27652,63,810,224,212,0.9191
3169,1222,36636,614,205,186,238,0.8928
3170,1222,3482,560,811,287,174,0.8763
3171,1222,25366,93,108,319,487,0.5159
3172,1224,36636,642,210,189,246,0.8891
3173,1224,3482,587,846,286,165,0.8771
3174,1224,27652,96,853,223,207,0.7983
3175,1224,25366,115,122,324,501,0.2882
3176,1226,31884,122,12,321,534,0.8427
3177,1226,3482,600,866,261,232,0.8323
3178,1226,35205,580,96,291,378,0.7175
3179,1226,19860,126,866,220,168,0.6614
3180,1227,35205,110,777,302,390,0.9345
3181,1227,31884,543,694,336,556,0.9209
3182,1227,3482,151,219,246,222,0.8952
3183,1227,19860,638,278,218,171,0.4553
3184,1232,31884,546,660,404,523,0.9274
3185,1232,20876,594,259,322,245,0.8467
3186,1232,29666,132,859,233,226,0.8006
3187,1232,3482,144,288,213,255,0.7218
3188,1232,31884,402,1171,543,109,0.0027
3189,1235,16547,621,144,240,227,0.9931
3190,1235,1899,151,253,196,165,0.9276
3191,1235,33008,550,838,372,197,0.7118
3192,1235,21770,161,806,191,186,0.0537
3193,1235,3543,161,807,191,186,0.0148
3194,1235,27776,161,802,192,189,0.0025
3195,1235,16547,550,836,376,201,0.0014
3196,1237,16547,614,189,237,224,0.9882
3197,1237,31704,170,687,251,443,0.9148
3198,1237,1899,105,270,204,124,0.7172
3199,1237,44198,635,802,164,279,0.4882
3200,1238,44198,207,234,160,267,0.8557
3201,1238,31704,570,176,250,421,0.8214
3202,1238,16547,133,844,240,236,0.5314
3203,1238,1899,680,879,213,133,0.4754
3204,1239,16547,585,180,231,226,0.9254
3205,1239,31704,139,643,251,451,0.8503
3206,1239,1899,89,260,201,126,0.8054
3207,1239,44198,607,770,167,285,0.7273
3208,1242,29344,90,708,288,445,0.9727
3209,1242,44198,636,805,165,288,0.9134
3210,1242,16550,546,89,287,471,0.8858
3211,1242,1899,159,258,128,199,0.6955
3212,1242,22346,636,800,159,291,0.0011
3213,1243,3482,608,790,275,210,0.9393
3214,1243,27732,122,767,316,273,0.8544
3215,1243,30307,66,139,377,427,0.7581
3216,1243,35205,601,125,257,390,0.5168
3217,1243,27732,51,85,282,272,0.0236
3218,1243,27732,59,54,334,330,0.0012
3219,1244,35205,124,735,273,400,0.9652
3220,1244,3482,123,307,271,201,0.8725
3221,1244,27732,564,262,301,265,0.8431
3222,1244,30307,562,686,389,435,0.5828
3223,1245,27732,86,727,322,281,0.9190
3224,1245,3482,580,758,276,210,0.9127
3225,1245,30307,54,122,362,417,0.8030
3226,1245,35205,572,120,249,377,0.7007
3227,1245,27732,53,80,262,241,0.0044
3228,1246,16261,576,189,235,227,0.9178
3229,1246,27776,144,777,179,205,0.9163
3230,1246,34596,60,81,392,461,0.9059
3231,1246,3482,538,780,267,227,0.8315
3232,1248,16261,137,836,249,241,0.9186
3233,1248,3482,174,273,261,221,0.9009
3234,1248,27776,639,293,176,195,0.8808
3235,1248,34596,523,663,418,482,0.8052
3236,1250,12777,102,72,303,518,0.9091
3237,1250,5093,109,811,282,284,0.9004
3238,1250,2482,611,92,210,468,0.8700
3239,1250,4377,600,703,224,467,0.6052
3240,1251,12777,547,652,297,526,0.9053
3241,1251,5093,549,191,271,268,0.8567
3242,1251,2482,84,681,235,475,0.6786
3243,1251,4377,139,109,212,436,0.5529
3244,1251,35205,734,1181,242,99,0.0017
3245,1251,35205,0,1214,187,66,0.0010
3246,1252,20876,73,797,323,244,0.8847
3247,1252,3482,648,754,211,268,0.8592
3248,1252,30307,76,81,397,410,0.7817
3249,1252,29666,625,187,223,215,0.5190
3250,1252,27732,70,27,258,270,0.0034
3251,1254,20876,40,754,324,253,0.9012
3252,1254,3482,621,722,210,271,0.8457
3253,1254,30307,65,68,377,400,0.7420
3254,1254,29666,597,182,218,213,0.6302
3255,1254,27732,59,11,271,268,0.0057
3256,1256,31704,133,129,244,417,0.8946
3257,1256,1899,644,830,171,200,0.8717
3258,1256,16550,89,665,304,485,0.5160
3259,1256,19606,658,274,154,147,0.0597
3260,1256,22346,657,273,155,148,0.0520
3261,1261,16231,648,231,193,182,0.9544
3262,1261,22346,142,170,205,197,0.8672
3263,1261,3482,585,846,286,166,0.8660
3264,1261,27652,96,852,222,207,0.7956
3265,1261,22346,648,230,194,183,0.0045
3266,1262,16231,620,222,188,182,0.9554
3267,1262,27652,61,810,226,212,0.9207
3268,1262,3482,558,811,288,175,0.8559
3269,1262,22346,127,165,200,193,0.8526
3270,1262,22346,621,221,186,183,0.0024
3271,1263,16231,143,846,196,193,0.9825
3272,1263,3482,133,285,276,178,0.8656
3273,1263,27652,672,256,219,199,0.8654
3274,1263,22346,645,903,215,208,0.7897
3275,1263,22346,143,844,194,195,0.0014
3276,1264,31862,637,322,206,205,0.9212
3277,1264,3350,390,861,192,193,0.8953
3278,1264,36636,226,320,204,238,0.6163
3279,1265,36636,506,663,207,254,0.9250
3280,1265,31862,81,705,209,213,0.6863
3281,1265,3350,356,176,187,191,0.4116
3282,1265,31884,689,1169,287,111,0.0041
3283,1265,36636,81,704,209,213,0.0013
3284,1266,36636,546,754,204,243,0.8699
3285,1266,3350,397,237,186,184,0.7344
3286,1266,31862,124,791,205,207,0.0597
3287,1266,3543,123,790,207,207,0.0017
3288,1269,3350,362,233,184,183,0.9043
3289,1269,13899,619,761,176,262,0.8095
3290,1269,36636,217,773,210,238,0.2841
3291,1269,3831,216,771,213,241,0.0196
3292,1270,18109,640,271,305,285,0.9230
3293,1270,27925,148,145,258,454,0.8956
3294,1270,16547,115,853,242,238,0.8077
3295,1270,1899,632,894,209,135,0.7473
3296,1272,16547,630,177,238,226,0.9959
3297,1272,1899,159,249,202,126,0.8392
3298,1272,27925,599,672,253,484,0.7358
3299,1272,18109,48,739,309,287,0.3871
3300,1273,6191,549,594,287,526,0.9201
3301,1273,13394,113,46,242,485,0.8903
3302,1273,25437,554,205,247,250,0.8713
3303,1273,2482,105,680,229,488,0.6058
3304,1274,2482,601,46,214,482,0.9154
3305,1274,13394,589,718,238,494,0.8473
3306,1274,25437,124,811,254,255,0.7281
3307,1274,6191,104,89,295,517,0.5879
3308,1278,38161,623,704,186,295,0.9839
3309,1278,3831,150,608,309,414,0.8384
3310,1278,20237,419,256,181,180,0.0142
3311,1278,3350,419,256,181,180,0.0057
3312,1278,3831,0,0,171,94,0.0020
3313,1278,5093,157,645,292,360,0.0017
3314,1278,28762,624,701,184,313,0.0013
3315,1278,13394,797,0,179,97,0.0012
3316,1279,21770,675,287,188,181,0.9718
3317,1279,31704,123,136,243,416,0.8536
3318,1279,16550,87,768,299,498,0.7339
3319,1279,1899,648,856,210,156,0.4827
3320,1279,27992,648,855,210,157,0.0051
3321,1279,12246,647,855,211,155,0.0017
3322,1280,16550,576,0,279,454,0.8562
3323,1280,1899,124,260,199,147,0.8237
3324,1280,31704,606,691,252,453,0.7826
3325,1280,21770,91,810,195,190,0.2736
3326,1282,19551,505,591,310,498,0.9213
3327,1282,13394,86,82,229,484,0.8359
3328,1282,2482,61,647,202,488,0.7998
3329,1282,3742,497,128,313,303,0.4009
3330,1282,5093,494,125,318,312,0.0010
3331,1284,3742,116,828,321,322,0.9200
3332,1284,19551,120,120,313,498,0.9033
3333,1284,13394,630,678,229,497,0.8386
3334,1284,2482,671,80,206,483,0.8375
3335,1290,29344,591,537,270,440,0.9573
3336,1290,16547,538,139,232,226,0.9533
3337,1290,18109,44,721,310,301,0.8989
3338,1290,1899,164,259,126,197,0.7158
3339,1293,27776,145,777,179,205,0.9212
3340,1293,30307,112,87,312,448,0.9095
3341,1293,3482,539,780,267,227,0.8488
3342,1293,20237,576,192,222,212,0.8433
3343,1293,27732,109,21,266,311,0.0012
3344,1294,34596,16,49,418,447,0.9249
3345,1294,35205,682,151,202,410,0.9109
3346,1294,3482,586,846,287,166,0.8707
3347,1294,27652,96,852,223,207,0.7983
3348,1295,34596,8,23,401,457,0.9250
3349,1295,27652,62,810,225,212,0.9141
3350,1295,35205,651,140,198,402,0.8908
3351,1295,3482,559,812,287,174,0.8768
3352,1296,34596,566,732,409,474,0.8886
3353,1296,3482,132,287,277,176,0.8837
3354,1296,27652,672,255,219,200,0.8607
3355,1296,35205,106,687,202,418,0.4300
3356,1296,31884,416,1149,557,131,0.0023
3357,1297,3543,644,920,217,215,0.9439
3358,1297,12419,690,274,182,173,0.9359
3359,1297,16547,153,244,230,227,0.7892
3360,1297,4542,158,892,212,209,0.7421
3361,1298,16547,618,828,236,228,0.9894
3362,1298,12419,118,861,185,182,0.9296
3363,1298,3543,140,146,207,201,0.7706
3364,1298,4542,618,169,207,200,0.6051
3365,1300,29666,631,180,223,216,0.8991
3366,1300,3482,585,846,286,165,0.8743
3367,1300,27652,95,852,223,206,0.7715
3368,1300,31884,73,126,466,466,0.5869
3369,1302,27652,60,808,225,212,0.9148
3370,1302,3482,558,811,287,174,0.8795
3371,1302,31884,61,101,447,465,0.7770
3372,1302,29666,603,178,219,214,0.7485
3373,1305,27925,602,158,255,453,0.8595
3374,1305,1899,633,894,211,136,0.7472
3375,1305,16550,77,671,336,470,0.6789
3376,1305,44198,139,291,283,150,0.0187
3377,1305,34596,138,291,285,149,0.0043
3378,1309,28762,584,870,222,212,0.9258
3379,1309,3482,123,306,270,200,0.8701
3380,1309,27732,561,257,301,261,0.8213
3381,1309,29666,87,862,232,227,0.4051
3382,1311,3482,579,758,276,211,0.9212
3383,1311,27732,91,733,320,278,0.9153
3384,1311,29666,639,178,222,213,0.8840
3385,1311,28762,175,187,209,199,0.7929
3386,1312,2482,625,52,247,469,0.8749
3387,1312,5885,599,688,234,486,0.8358
3388,1312,5093,114,807,272,273,0.7558
3389,1312,22626,69,60,327,480,0.5320
3390,1315,19231,544,210,302,287,0.9498
3391,1315,3350,422,878,190,192,0.8263
3392,1315,2482,149,97,271,594,0.1753
3393,1315,16687,148,94,273,601,0.0419
3394,1316,19231,82,695,310,304,0.9575
3395,1316,3350,326,162,186,189,0.4690
3396,1316,16687,515,475,291,666,0.4683
3397,1322,6191,486,597,335,500,0.9290
3398,1322,5093,549,190,272,269,0.8516
3399,1322,2482,87,679,236,477,0.6778
3400,1322,4377,139,111,212,435,0.5299
3401,1322,35205,742,1167,234,113,0.0011
3402,1323,2482,617,50,222,482,0.9070
3403,1323,5093,104,798,279,277,0.8553
3404,1323,4377,592,701,216,452,0.5676
3405,1323,6191,127,104,336,502,0.0233
3406,1326,3350,369,244,184,184,0.9445
3407,1326,20237,602,840,225,223,0.8541
3408,1326,18356,161,673,268,348,0.4699
3409,1326,38161,602,837,226,225,0.0030
3410,1327,44198,176,234,200,260,0.9433
3411,1327,1899,644,845,189,190,0.9085
3412,1327,29450,513,242,415,222,0.8941
3413,1327,16547,168,814,241,237,0.4944
3414,1328,16547,581,217,237,226,0.9878
3415,1328,29450,72,842,412,219,0.9274
3416,1328,1899,166,248,185,182,0.8251
3417,1328,44198,627,811,209,268,0.2184
3418,1329,16547,554,207,231,226,0.9762
3419,1329,29450,35,803,421,223,0.9299
3420,1329,1899,148,241,183,180,0.7671
3421,1329,44198,599,780,211,275,0.1290
3422,1330,35205,611,120,233,401,0.8692
3423,1330,34596,89,165,448,419,0.8178
3424,1330,3482,603,844,277,189,0.7800
3425,1330,25468,87,831,342,301,0.7467
3426,1331,35205,583,112,225,391,0.9002
3427,1331,3482,576,812,280,194,0.8221
3428,1331,34596,74,134,438,427,0.8034
3429,1331,25468,52,786,346,303,0.6535
3430,1332,35205,136,726,249,412,0.9452
3431,1332,3482,126,272,270,191,0.8832
3432,1332,34596,459,649,459,440,0.8590
3433,1332,25468,575,191,327,284,0.6692
3434,1333,36636,158,285,194,245,0.8770
3435,1333,20013,577,284,341,317,0.6842
3436,1333,3350,400,922,192,192,0.5829
3437,1333,16687,0,0,274,139,0.0100
3438,1333,16261,566,284,355,324,0.0062
3439,1337,16547,579,186,236,227,0.9899
3440,1337,29450,497,820,401,267,0.8349
3441,1337,1899,166,248,186,180,0.8165
3442,1337,18109,78,790,309,288,0.5872
3443,1340,16547,189,823,238,239,0.9497
3444,1340,31704,137,128,242,417,0.8948
3445,1340,24849,582,285,289,170,0.8776
3446,1340,1899,644,861,211,157,0.4726
3447,1340,12246,644,858,211,160,0.0011
3448,1345,3482,602,845,277,188,0.7833
3449,1345,31884,167,136,421,491,0.7688
3450,1345,25468,85,831,343,298,0.7571
3451,1345,29666,618,174,224,216,0.7202
3452,1345,3831,618,173,225,215,0.0044
3453,1347,3482,128,272,269,191,0.8776
3454,1347,25468,576,193,329,281,0.6372
3455,1347,31884,418,614,417,510,0.4192
3456,1347,29666,139,871,229,227,0.3565
3457,1347,3831,139,870,232,229,0.0027
3458,1348,31862,184,267,207,204,0.7933
3459,1348,22073,674,309,188,191,0.6118
3460,1348,3350,360,880,192,191,0.1916
3461,1348,3482,358,876,197,197,0.0012
3462,1350,22073,106,814,186,190,0.9430
3463,1350,31862,588,857,206,207,0.0976
3464,1350,3350,426,221,186,183,0.0963
3465,1350,25437,588,856,206,207,0.0083
3466,1350,22346,588,857,207,206,0.0015
3467,1350,3543,589,857,206,206,0.0013
3468,1350,3482,424,219,189,186,0.0011
3469,1353,16231,154,828,190,192,0.9526
3470,1353,3482,173,276,262,221,0.9282
3471,1353,27776,637,294,176,196,0.8798
3472,1353,34596,512,676,446,462,0.8423
3473,1353,22346,153,827,192,191,0.0022
3474,1354,30307,579,737,340,465,0.8915
3475,1354,20876,545,295,327,234,0.8544
3476,1354,36636,166,799,190,256,0.7047
3477,1354,3482,142,292,212,257,0.6899
3478,1354,30307,403,1131,523,149,0.0014
3479,1354,31704,164,799,193,258,0.0013
3480,1355,3482,625,718,209,271,0.8919
3481,1355,20876,87,725,330,242,0.8903
3482,1355,30307,79,47,324,440,0.8898
3483,1355,36636,604,205,180,243,0.8171
3484,1357,16547,579,169,230,225,0.9314
3485,1357,12419,626,814,191,188,0.9167
3486,1357,3543,95,230,203,198,0.8148
3487,1357,6562,164,674,221,365,0.6945
3488,1358,16547,606,176,237,225,0.9923
3489,1358,3543,112,241,209,201,0.8363
3490,1358,6562,196,716,219,357,0.6605
3491,1358,4542,653,848,190,182,0.0729
3492,1359,12419,166,278,181,178,0.9614
3493,1359,3543,673,827,216,212,0.8732
3494,1359,6562,582,231,213,338,0.7859
3495,1359,16547,140,854,243,238,0.5007
3496,1361,29666,627,690,231,231,0.9636
3497,1361,3350,357,149,186,189,0.8744
3498,1361,19231,168,650,244,355,0.5869
3499,1361,3350,164,664,245,331,0.0023
3500,1363,16261,118,294,242,232,0.8805
3501,1363,3350,433,888,190,191,0.7891
3502,1363,33879,456,243,431,288,0.7591
3503,1366,3482,134,286,276,177,0.8735
3504,1366,27652,672,256,220,200,0.8680
3505,1366,29666,125,866,230,225,0.8189
3506,1366,22346,662,836,214,208,0.0070
3507,1366,2482,661,835,217,208,0.0066
3508,1366,16231,662,835,216,208,0.0044
3509,1366,27652,662,837,213,205,0.0033
3510,1366,16261,662,836,213,207,0.0015
3511,1366,19606,661,837,215,207,0.0013
3512,1367,22346,106,227,203,193,0.9668
3513,1367,27652,60,810,225,211,0.9075
3514,1367,3482,558,811,288,175,0.8597
3515,1367,29666,604,179,219,212,0.7145
3516,1369,22346,120,213,207,198,0.8703
3517,1369,16261,638,176,245,232,0.8672
3518,1369,3482,600,866,261,232,0.8478
3519,1369,19860,126,866,221,168,0.6984
3520,1369,16547,119,212,209,199,0.0322
3521,1371,16261,610,171,238,229,0.9311
3522,1371,22346,104,206,201,194,0.9085
3523,1371,3482,572,838,264,231,0.7824
3524,1371,19860,91,828,228,177,0.7641
3525,1371,3482,102,205,203,194,0.0015
3526,1372,2482,600,112,288,447,0.8901
3527,1372,22626,84,99,319,481,0.8647
3528,1372,5885,612,699,236,511,0.7351
3529,1372,3742,72,814,339,329,0.3628
3530,1376,33207,152,296,207,198,0.8766
3531,1376,1899,641,859,207,167,0.8621
3532,1376,16550,89,703,296,498,0.7799
3533,1376,33008,585,241,361,237,0.7294
3534,1376,16547,585,241,360,237,0.0127
3535,1377,1899,151,255,199,158,0.9321
3536,1377,33008,52,825,357,231,0.7466
3537,1377,33207,641,806,211,201,0.6778
3538,1377,16550,608,60,281,480,0.6546
3539,1378,35205,110,777,301,391,0.9600
3540,1378,22346,623,867,214,210,0.9115
3541,1378,3482,151,219,245,221,0.8909
3542,1378,19860,636,278,222,171,0.4322
3543,1379,3482,600,867,261,231,0.8267
3544,1379,35205,583,97,288,377,0.7249
3545,1379,19860,126,865,220,169,0.6939
3546,1379,22346,160,200,208,199,0.5705
3547,1379,16547,161,201,208,199,0.5368
3548,1381,21324,633,277,239,138,0.9848
3549,1381,3350,408,844,188,192,0.6843
3550,1381,32309,35,236,366,233,0.6633
3551,1381,3831,681,0,295,132,0.0047
3552,1381,35205,678,0,298,129,0.0039
3553,1381,35205,659,0,317,91,0.0021
3554,1381,36636,632,277,241,139,0.0020
3555,1381,33879,702,0,274,138,0.0012
3556,1384,27776,178,814,175,199,0.8703
3557,1384,3482,567,815,265,220,0.8652
3558,1384,25366,50,94,422,455,0.8242
3559,1384,20237,604,195,226,215,0.5953
3560,1385,27776,144,777,180,204,0.9281
3561,1385,3482,539,781,268,226,0.8664
3562,1385,20237,576,192,222,212,0.8613
3563,1385,25366,41,79,402,448,0.6866
3564,1386,20237,152,850,232,227,0.9405
3565,1386,3482,174,273,261,222,0.9302
3566,1386,25366,535,700,426,471,0.8845
3567,1386,27776,639,293,176,194,0.8705
3568,1387,22346,112,243,207,195,0.9587
3569,1387,20876,139,832,275,313,0.9031
3570,1387,3482,645,759,198,274,0.8639
3571,1387,20237,600,181,227,217,0.8046
3572,1390,22626,109,162,367,458,0.8920
3573,1390,25437,157,872,262,269,0.7092
3574,1390,22361,609,747,263,421,0.6263
3575,1390,2482,602,120,201,464,0.5410
3576,1392,2482,604,80,217,479,0.8955
3577,1392,25437,156,860,254,253,0.8311
3578,1392,22361,599,745,258,407,0.6785
3579,1392,22626,107,131,367,457,0.4659
3580,1393,16261,137,835,248,242,0.8823
3581,1393,3482,174,273,264,222,0.8807
3582,1393,27776,639,293,176,195,0.8768
3583,1393,22346,682,870,216,210,0.6774
3584,1395,22346,88,195,201,193,0.9763
3585,1395,27776,144,777,180,205,0.9238
3586,1395,16261,577,189,235,227,0.8696
3587,1395,3482,539,780,266,227,0.8646
3588,1396,19551,510,598,324,482,0.9550
3589,1396,5093,525,164,267,260,0.8393
3590,1396,13394,81,82,231,484,0.8301
3591,1396,2482,85,658,212,489,0.3431
3592,1396,16687,745,1153,231,127,0.0020
3593,1401,3482,128,271,270,192,0.8786
3594,1401,22346,647,850,218,209,0.8319
3595,1401,29666,138,872,230,225,0.6718
3596,1401,25468,576,192,329,282,0.6626
3597,1402,3350,423,884,193,194,0.7580
3598,1402,20237,84,335,225,220,0.7151
3599,1402,33879,458,199,390,361,0.1117
3600,1402,19231,458,199,390,361,0.0189
3601,1402,31884,727,0,249,114,0.0021
3602,1404,33879,117,743,395,375,0.9918
3603,1404,3350,365,214,186,184,0.9870
3604,1404,20237,669,762,228,223,0.9623
3605,1407,33879,101,681,314,432,0.9750
3606,1407,38161,604,793,247,254,0.9653
3607,1407,3350,380,231,183,181,0.9466
3608,1408,16547,73,808,242,235,0.9665
3609,1408,21025,684,275,180,172,0.9628
3610,1408,33207,658,900,217,209,0.8667
3611,1408,1899,187,273,203,138,0.6971
3612,1411,36636,642,210,190,245,0.8845
3613,1411,3482,587,845,286,166,0.8455
3614,1411,27652,96,853,224,207,0.7889
3615,1411,30307,69,128,388,418,0.6864
3616,1411,27732,56,88,279,254,0.0490
3617,1411,27732,55,36,322,287,0.0058
3618,1413,36636,150,803,195,251,0.8745
3619,1413,27652,671,255,219,200,0.8731
3620,1413,3482,132,287,276,176,0.8559
3621,1413,30307,551,705,394,426,0.4133
3622,1414,10220,601,192,217,213,0.9486
3623,1414,3543,110,195,204,199,0.9218
3624,1414,16547,56,776,239,233,0.8492
3625,1414,27925,552,601,278,481,0.7964
3626,1418,1899,128,255,199,151,0.8075
3627,1418,16550,105,650,291,492,0.7571
3628,1418,31704,592,699,253,455,0.7493
3629,1418,34596,554,90,247,396,0.0140
3630,1418,31884,556,91,245,395,0.0080
3631,1418,27925,556,91,245,395,0.0052
3632,1418,30307,555,92,246,394,0.0032
3633,1418,29344,556,91,246,395,0.0025
3634,1418,36636,601,740,241,399,0.0023
3635,1418,25366,556,91,245,395,0.0019
3636,1420,41767,98,240,296,267,0.9016
3637,1420,16687,546,66,267,612,0.7359
3638,1420,3350,408,875,193,190,0.0650
3639,1420,3482,407,871,196,194,0.0013
3640,1421,41767,553,722,301,286,0.9438
3641,1421,16687,108,510,279,662,0.2985
3642,1421,3350,337,165,185,189,0.1564
3643,1421,36636,551,720,299,289,0.0072
3644,1424,27776,144,776,180,205,0.9167
3645,1424,35205,583,131,218,395,0.9004
3646,1424,3482,538,779,268,225,0.8264
3647,1424,31884,97,76,355,521,0.2727
3648,1425,27776,178,813,176,199,0.8772
3649,1425,3482,566,813,266,220,0.8663
3650,1425,35205,613,140,224,402,0.7877
3651,1425,31884,109,96,374,528,0.1711
3652,1429,16547,126,830,236,229,0.9890
3653,1429,29344,604,708,282,441,0.9597
3654,1429,3543,120,252,208,202,0.7952
3655,1429,10220,678,216,226,214,0.5304
3656,1431,29344,578,670,284,447,0.9739
3657,1431,16547,92,789,238,236,0.8910
3658,1431,10220,649,208,220,214,0.6522
3659,1431,3543,104,242,204,200,0.6352
3660,1433,3350,368,173,180,185,0.9834
3661,1433,38161,610,757,293,205,0.9696
3662,1433,32309,0,664,304,325,0.1540
3663,1433,16687,0,1194,207,86,0.0142
3664,1433,6191,808,0,168,126,0.0021
3665,1433,18146,0,1208,212,72,0.0017
3666,1433,16687,0,1144,209,136,0.0012
3667,1435,3350,397,854,190,190,0.9568
3668,1435,13899,169,340,172,257,0.8780
3669,1435,20237,589,307,223,218,0.6909
3670,1436,13899,601,626,177,267,0.9325
3671,1436,3350,349,186,186,189,0.9294
3672,1436,20237,111,700,229,228,0.8648
3673,1436,31884,688,1156,288,124,0.0029
3674,1436,36636,600,625,176,279,0.0012
3675,1438,3543,698,857,214,214,0.9326
3676,1438,12246,175,303,204,127,0.9176
3677,1438,16547,207,842,244,238,0.8986
3678,1438,6562,581,231,213,339,0.7822
3679,1439,16547,515,179,231,225,0.9707
3680,1439,3543,73,200,203,200,0.9237
3681,1439,12246,593,848,212,128,0.7708
3682,1439,6562,166,673,220,364,0.7255
3683,1439,3543,593,849,211,128,0.0024
3684,1439,29666,593,848,212,129,0.0012
3685,1441,27732,90,735,321,278,0.9090
3686,1441,3482,579,759,277,211,0.9020
3687,1441,22346,119,175,201,190,0.8512
3688,1441,36636,592,205,253,167,0.7293
3689,1442,3482,607,791,274,211,0.9465
3690,1442,27732,129,777,314,274,0.8457
3691,1442,22346,135,179,207,196,0.8230
3692,1442,36636,621,209,258,169,0.0695
3693,1442,16547,133,178,211,198,0.0662
3694,1442,16547,620,208,263,168,0.0076
3695,1442,27732,621,208,261,169,0.0067
3696,1442,29450,620,208,262,168,0.0033
3697,1442,25468,133,177,211,199,0.0011
3698,1444,3742,482,150,316,304,0.9127
3699,1444,2482,95,694,213,486,0.8878
3700,1444,23222,523,629,296,507,0.8597
3701,1444,4377,136,109,221,434,0.7282
3702,1444,35205,727,1178,249,102,0.0013
3703,1446,23222,122,71,292,504,0.9304
3704,1446,3742,129,803,330,318,0.9061
3705,1446,2482,630,30,201,486,0.7804
3706,1446,4377,590,703,223,449,0.6406
3707,1446,2482,953,12,23,489,0.0027
3708,1447,29450,464,767,415,246,0.9578
3709,1447,3543,103,180,203,200,0.6847
3710,1447,16547,46,792,239,233,0.4887
3711,1447,10220,627,193,220,214,0.4553
3712,1447,22346,44,794,240,233,0.0010
3713,1449,16547,81,831,237,229,0.9812
3714,1449,3543,118,185,208,202,0.7633
3715,1449,10220,657,199,224,214,0.4908
3716,1449,29450,499,805,405,238,0.1540
3717,1450,2482,602,47,213,481,0.8890
3718,1450,12777,112,68,289,518,0.8848
3719,1450,13394,589,719,238,491,0.8396
3720,1450,25437,125,812,254,254,0.7304
3721,1452,25437,125,823,261,268,0.7828
3722,1452,13394,603,712,233,523,0.7233
3723,1452,2482,596,85,206,471,0.6991
3724,1452,12777,113,92,293,532,0.6811
3725,1453,16687,480,124,426,520,0.8861
3726,1453,3350,457,907,191,192,0.8031
3727,1453,18356,50,313,277,326,0.6830
3728,1455,3350,335,193,183,183,0.9558
3729,1455,18356,652,651,281,340,0.6149
3730,1455,16687,71,624,439,586,0.1816
3731,1458,2482,622,79,228,459,0.8984
3732,1458,23222,71,167,307,499,0.8685
3733,1458,4377,639,704,230,454,0.7956
3734,1458,25437,110,830,254,252,0.7932
3735,1459,5093,106,810,287,287,0.9196
3736,1459,12080,651,694,245,467,0.7997
3737,1459,2482,625,84,222,452,0.6057
3738,1459,22626,73,189,319,473,0.5987
3739,1460,12080,74,134,223,424,0.8795
3740,1460,2482,56,700,252,475,0.7778
3741,1460,5093,548,192,273,265,0.7384
3742,1460,22626,548,575,317,482,0.6972
3743,1460,35205,0,1229,197,51,0.0012
3744,1461,2482,625,33,249,480,0.9180
3745,1461,5093,105,799,278,281,0.8851
3746,1461,12080,641,690,238,448,0.6960
3747,1461,22626,70,159,323,471,0.4062
3748,1461,35205,786,1214,190,66,0.0134
3749,1462,20237,134,870,230,225,0.9250
3750,1462,25366,524,676,427,465,0.8800
3751,1462,27652,671,255,219,200,0.8735
3752,1462,3482,132,286,276,177,0.8692
3753,1463,25366,58,123,422,453,0.8683
3754,1463,3482,587,846,286,166,0.8666
3755,1463,27652,96,853,224,207,0.7906
3756,1463,20237,623,177,225,216,0.6774
3757,1464,27652,63,810,225,212,0.8984
3758,1464,3482,559,811,287,175,0.8967
3759,1464,20237,596,175,219,212,0.8268
3760,1464,25366,48,106,405,446,0.7454
3761,1466,27652,61,810,225,211,0.9103
3762,1466,3482,558,811,287,175,0.8793
3763,1466,22346,107,180,202,193,0.8564
3764,1466,16261,594,177,236,227,0.8315
3765,1473,19606,152,218,158,154,0.9727
3766,1473,1899,614,860,203,159,0.7588
3767,1473,16550,573,93,286,480,0.6468
3768,1473,21025,125,865,180,177,0.6006
3769,1473,22346,125,866,181,176,0.0074
3770,1474,3482,609,790,274,210,0.9432
3771,1474,27732,124,768,314,274,0.8436
3772,1474,34596,68,98,438,430,0.7487
3773,1474,36636,621,207,259,171,0.1796
3774,1474,16547,619,207,264,168,0.0053
3775,1474,27732,619,207,262,169,0.0045
3776,1474,29450,619,207,262,169,0.0031
3777,1476,27732,87,727,321,283,0.9185
3778,1476,3482,582,758,275,211,0.9055
3779,1476,36636,593,204,250,168,0.8779
3780,1476,34596,55,74,429,432,0.8684
3781,1477,18356,357,681,254,371,0.8531
3782,1477,3350,653,290,179,181,0.5724
3783,1477,36636,86,230,242,214,0.3034
3784,1477,2482,85,231,245,215,0.0032
3785,1480,10220,160,262,217,211,0.9853
3786,1480,16547,173,834,241,238,0.9518
3787,1480,3543,642,876,215,213,0.8560
3788,1480,6562,591,240,214,339,0.7060
3789,1483,28762,629,897,225,215,0.9776
3790,1483,35205,111,777,301,391,0.9502
3791,1483,3482,151,219,246,221,0.8824
3792,1483,19860,637,278,220,171,0.4887
3793,1485,28762,148,168,212,201,0.9344
3794,1485,3482,600,866,261,232,0.8372
3795,1485,19860,127,866,220,168,0.6975
3796,1485,35205,583,96,288,378,0.6609
3797,1488,3350,393,208,182,182,0.9687
3798,1488,31862,628,831,205,207,0.7338
3799,1488,21324,209,826,203,200,0.2192
3800,1488,13899,210,826,202,200,0.0302
3801,1488,36636,212,826,199,198,0.0088
3802,1489,20013,537,289,339,317,0.9725
3803,1489,3350,401,850,192,192,0.9289
3804,1489,20237,184,282,226,217,0.6543
3805,1492,21324,184,277,159,232,0.8916
3806,1492,3350,378,904,191,191,0.7938
3807,1492,18146,528,298,342,355,0.2452
3808,1493,3350,368,137,185,189,0.9327
3809,1493,18146,59,543,349,381,0.7662
3810,1493,21324,599,721,158,241,0.3029
3811,1493,36636,599,721,157,240,0.0051
3812,1497,34596,60,63,305,498,0.9466
3813,1497,29666,610,199,219,215,0.8609
3814,1497,19860,84,828,227,177,0.8181
3815,1497,3482,565,842,262,232,0.7808
3816,1500,38161,197,734,184,297,0.9621
3817,1500,3350,352,237,184,183,0.9281
3818,1500,41767,577,861,343,176,0.0236
3819,1500,35205,574,862,345,177,0.0208
3820,1500,32309,577,861,344,175,0.0033
